Handle,Title,Body (HTML),Vendor,Product Category,Type,Tags,Published,Option1 Name,Option1 Value,Option1 Linked To,Option2 Name,Option2 Value,Option2 Linked To,Option3 Name,Option3 Value,Option3 Linked To,Variant SKU,Variant Grams,Variant Inventory Tracker,Variant Inventory Qty,Variant Inventory Policy,Variant Fulfillment Service,Variant Price,Variant Compare At Price,Variant Requires Shipping,Variant Taxable,Unit Price Total Measure,Unit Price Total Measure Unit,Unit Price Base Measure,Unit Price Base Measure Unit,Variant Barcodes,Image Src,Image Position,Image Alt Text,Gift Card,SEO Title,SEO Description,Armchair (each) (product.metafields.custom.dim_armchair),ASIN code (product.metafields.custom.dim_asin_code),Assembly (product.metafields.custom.dim_assembly),Colour (product.metafields.custom.dim_colour),Cushion fill (product.metafields.custom.dim_cushion_fill),Folding (product.metafields.custom.dim_folding),Frame (product.metafields.custom.dim_frame),Item weight (product.metafields.custom.dim_item_weight),Leg length (product.metafields.custom.dim_leg_length),Number of cabinets (product.metafields.custom.dim_number_of_cabinets),Number of drawers (product.metafields.custom.dim_number_of_drawers),Number of shelves (product.metafields.custom.dim_number_of_shelves),Panels (product.metafields.custom.dim_panels),Primary material (product.metafields.custom.dim_primary_material),Product dimension (product.metafields.custom.dim_product_dimension),Seating capacity (product.metafields.custom.dim_seating_capacity),Seat depth (product.metafields.custom.dim_seat_depth),Seat height (product.metafields.custom.dim_seat_height),Style (product.metafields.custom.dim_style),Three-seater (product.metafields.custom.dim_three_seater),Type (product.metafields.custom.dim_type),Weight capacity (product.metafields.custom.dim_weight_capacity),Weight limit (product.metafields.custom.dim_weight_limit),Short Description (product.metafields.custom.short_description),Product rating count (product.metafields.reviews.rating_count),Backrest type (product.metafields.shopify.backrest-type),Backrest upholstery color (product.metafields.shopify.backrest-upholstery-color),Color (product.metafields.shopify.color-pattern),Frame color (product.metafields.shopify.frame-color),Material (product.metafields.shopify.material),Mounting type (product.metafields.shopify.mounting-type),Seat type (product.metafields.shopify.seat-type),Seat upholstery color (product.metafields.shopify.seat-upholstery-color),Suitable location (product.metafields.shopify.suitable-location),Tabletop color (product.metafields.shopify.tabletop-color),Upholstery color (product.metafields.shopify.upholstery-color),Wood finish (product.metafields.shopify.wood-finish),Complementary products (product.metafields.shopify--discovery--product_recommendation.complementary_products),Related products (product.metafields.shopify--discovery--product_recommendation.related_products),Related products settings (product.metafields.shopify--discovery--product_recommendation.related_products_display),Search product boosts (product.metafields.shopify--discovery--product_search_boost.queries),Variant Image,Variant Weight Unit,Variant Tax Code,Cost per item,Status
sheesham-wood-two-seater-sofa-brown-finish-with-storage-cushions,Sheesham Wood Two Seater Sofa – Brown Finish with Storage & Cushions,"<h4 class=""a-size-base-plus a-text-bold"">About this item</h4>
<ul class=""a-unordered-list a-vertical a-spacing-mini"">
<li class=""a-spacing-mini""><span class=""a-list-item""> Product Dimensions: Height: 25 inches (63 cm), Length: 47 inches (119 cm), Width: 18 inches (45 cm</span></li>
<li class=""a-spacing-mini""><span class=""a-list-item""> Primary Material: Solid Sheesham Wood; 12 Month Warranty Against Any Manufacturing Defects</span></li>
<li class=""a-spacing-mini""><span class=""a-list-item""> The Sofa is a great addition to any home. With Luxury seats and a beautifully finished wood frame, you can't go wrong with this Sofa for living room.</span></li>
<li class=""a-spacing-mini""><span class=""a-list-item""> The Product Requires Basic Self Assembly At Customers End And Comes With Self Assembly Instructions Along With Necessary Accessories.</span></li>
<li class=""a-spacing-mini""><span class=""a-list-item""> Item Weight: 35.0; Arm Style: Padded; Care Instructions: Wipe Clean With Dry Cloth; Seating Capacity: 2.0; Style Name: Modern; Item Shape: Rectangular </span></li>
</ul>",Dew's Furniture,Furniture > Benches > Storage & Entryway Benches > Upholstered Storage Benches,"","2 Seater Sofa, brown, Living room, Sofa, Solid sheesham, Storage",true,Title,Default Title,,,,,,,,,0.0,shopify,100,deny,manual,16624.00,29499.00,true,true,,,,,"",https://cdn.shopify.com/s/files/1/1027/3760/8885/files/Lifestyle-View-2.jpg?v=1789184822,1,"",false,,,,B08L1BZZ5J,, Walnut Finish ,,Yes,, 35 kg ,,,,,,Solid Sheesham Wood, 45.7D x 119.4W x 63.5H Centimeters , 2 , 40.6 Centimeters , 20 Inches ,Modern,, Sofa Bed ,, 250 Kilograms ,"Product Dimensions: Height: 25 inches (63 cm), Length: 47 inches (119 cm), Width: 18 inches (45 cm  Primary Material: Solid Sheesham Wood; 12 Month Warranty Against Any Manufacturing Defects",,,,,,,,,brown,,,,,,,,,,kg,,,active
sheesham-wood-two-seater-sofa-brown-finish-with-storage-cushions,,,,,,,,,,,,,,,,,,,,,,,,,,,,,,,"",https://cdn.shopify.com/s/files/1/1027/3760/8885/files/71dxMNCDK_L._SL1500.jpg?v=1789184872,2,"",,,,,,,,,,,,,,,,,,,,,,,,,,,,,,,,,,,,,,,,,,,,,,,,,
sheesham-wood-two-seater-sofa-brown-finish-with-storage-cushions,,,,,,,,,,,,,,,,,,,,,,,,,,,,,,,"",https://cdn.shopify.com/s/files/1/1027/3760/8885/files/61WNN21iB5L._SL1500.jpg?v=1789184894,3,"",,,,,,,,,,,,,,,,,,,,,,,,,,,,,,,,,,,,,,,,,,,,,,,,,
sheesham-wood-two-seater-sofa-brown-finish-with-storage-cushions,,,,,,,,,,,,,,,,,,,,,,,,,,,,,,,"",https://cdn.shopify.com/s/files/1/1027/3760/8885/files/71VoZ8kEpWL._SL1500.jpg?v=1789184916,4,"",,,,,,,,,,,,,,,,,,,,,,,,,,,,,,,,,,,,,,,,,,,,,,,,,
sheesham-wood-two-seater-sofa-brown-finish-with-storage-cushions,,,,,,,,,,,,,,,,,,,,,,,,,,,,,,,"",https://cdn.shopify.com/s/files/1/1027/3760/8885/files/713hN3IRkLL._SL1500.jpg?v=1789185008,5,"",,,,,,,,,,,,,,,,,,,,,,,,,,,,,,,,,,,,,,,,,,,,,,,,,
sheesham-wood-two-seater-sofa-brown-finish-with-storage-cushions,,,,,,,,,,,,,,,,,,,,,,,,,,,,,,,"",https://cdn.shopify.com/s/files/1/1027/3760/8885/files/71VhQV0SotL._SL1500.jpg?v=1789185111,6,"",,,,,,,,,,,,,,,,,,,,,,,,,,,,,,,,,,,,,,,,,,,,,,,,,
sheesham-wood-two-seater-sofa-honey-finish-with-2-door-storage,Sheesham Wood Two Seater Sofa – Honey Finish with 2-Door Storage,"<h4 class=""a-size-base-plus a-text-bold"">About this item</h4>
<ul class=""a-unordered-list a-vertical a-spacing-mini"">
<li class=""a-spacing-mini""><span class=""a-list-item""> Product Dimensions: Height: 25 inches (63 cm), Length: 47 inches (119 cm), Width: 18 inches (45 cm) </span></li>
<li class=""a-spacing-mini""><span class=""a-list-item""> Two Seater Sofa Material:- Sheesham Wood And Fabric, Color:-Honey, Style:- Contemporary </span></li>
<li class=""a-spacing-mini""><span class=""a-list-item""> Warranty: The product comes with 10 Days Replacement and 12 Months warranty against any Damaged and Manufacturing Defects. </span></li>
<li class=""a-spacing-mini""><span class=""a-list-item""> The Sofa is a great addition to any home. With Luxury seats and a beautifully finished wood frame, you can't go wrong with this Sofa for living room. </span></li>
<li class=""a-spacing-mini""><span class=""a-list-item""> The 2 Seater Sofa Set Couch Furniture is a Great Addition to Any Home with Luxury Seats and a Beautifully finished wood frame, The Sofa is perfect for Home Sofa Set for Living Room Bedroom Sofa Office Hall </span></li>
</ul>",Dew's Furniture,Furniture > Benches > Storage & Entryway Benches > Upholstered Storage Benches,"","2 Seater Sofa, Honey, Living room, Sofa, Storage",true,Title,Default Title,,,,,,,,,0.0,shopify,100,deny,manual,40400.00,47526.00,true,true,,,,,"",https://cdn.shopify.com/s/files/1/1027/3760/8885/files/Lifestyle-View-3.png?v=1789186500,1,"",false,,,,B08L1DF278,, Honey Finish ,,,, 35 kg ,,,,,,Sheesham Wood And Fabric, 45.7D x 119.4W x 63.5H Centimeters , 2 ,, 40 Centimetres , Modern ,, Sofa Bed ,,," Product Dimensions: Height: 25 inches (63 cm), Length: 47 inches (119 cm), Width: 18 inches (45 cm) Two Seater Sofa Material:- Sheesham Wood And Fabric, Color:-Walnut, Style:- Contemporary ",,,,honey,,,,,,,,,,,,,,,kg,,,active
sheesham-wood-two-seater-sofa-honey-finish-with-2-door-storage,,,,,,,,,,,,,,,,,,,,,,,,,,,,,,,"",https://cdn.shopify.com/s/files/1/1027/3760/8885/files/61i2jK-oVcL._SL1500.jpg?v=1789186751,2,"",,,,,,,,,,,,,,,,,,,,,,,,,,,,,,,,,,,,,,,,,,,,,,,,,
sheesham-wood-two-seater-sofa-honey-finish-with-2-door-storage,,,,,,,,,,,,,,,,,,,,,,,,,,,,,,,"",https://cdn.shopify.com/s/files/1/1027/3760/8885/files/610EZ7-BH_L._SL1500.jpg?v=1789186752,3,"",,,,,,,,,,,,,,,,,,,,,,,,,,,,,,,,,,,,,,,,,,,,,,,,,
sheesham-wood-two-seater-sofa-honey-finish-with-2-door-storage,,,,,,,,,,,,,,,,,,,,,,,,,,,,,,,"",https://cdn.shopify.com/s/files/1/1027/3760/8885/files/71N_qSPJqGL._SL1500.jpg?v=1789186768,4,"",,,,,,,,,,,,,,,,,,,,,,,,,,,,,,,,,,,,,,,,,,,,,,,,,
solid-sheesham-wood-three-seater-sofa-brown-finish,Solid Sheesham Wood Three Seater Sofa – Brown Finish,"<h4 class=""a-size-base-plus a-text-bold"">About this item</h4>
<ul class=""a-unordered-list a-vertical a-spacing-mini"">
<li class=""a-spacing-mini""><span class=""a-list-item""> Product Dimensions(Inch) : Height (29 In) x Width (30.5 In) x Length (74 In) </span></li>
<li class=""a-spacing-mini""><span class=""a-list-item""> Primary Material: Sheesham Wood, Colour: Brown Finish, Style: Contemporary, Seating Capacity: 3 Seater </span></li>
<li class=""a-spacing-mini""><span class=""a-list-item""> Warranty: The product comes with 10 Days Replacement and 12 Months warranty against any Damaged and Manufacturing Defects. </span></li>
<li class=""a-spacing-mini""><span class=""a-list-item""> The Sofa is a great addition to any home. With Luxury seats and a beautifully finished wood frame, you can't go wrong with this Sofa for living room. </span></li>
<li class=""a-spacing-mini""><span class=""a-list-item""> sofa set | wooden sofa set furniture | wooden sofa | sofa set 3 seater | wooden sofa set | 3 seater sofa set | sofa 3 seater | sofa set for living room low price | wooden sofa set furniture 3 seater | sofa 3 seater living room | sofa set living room | sofa set living room furniture | sheesham wood sofa set | sofa set 3 | three seater sofa set </span></li>
</ul>",Dew's Furniture,Furniture > Sofas > Sectional Sofas,"","3 Seater Sofa, brown, Living room, Sheesham wood, Sofa",true,Title,Default Title,,,,,,,,,0.0,shopify,100,deny,manual,21999.00,28999.00,true,true,,,,,"",https://cdn.shopify.com/s/files/1/1027/3760/8885/files/Lifestyle-View-4.png?v=1789187527,1,"",false,,,,B08KZM6Q61,, Brown ,,,, 45 kg ,,,,,,Sheesham Wood, 188D x 77.5W x 73.7H Centimeters , 3 ,,, Asian ,," Standard , Living Room ",,," Product Dimensions(Inch) : Height (29 In) x Width (30.5 In) x Length (74 In) Primary Material: Sheesham Wood, Colour: Brown Finish, Style: Contemporary, Seating Capacity: 3 Seater ",,,,,,,,,cream,,,,,,,,,,kg,,,active
solid-sheesham-wood-three-seater-sofa-brown-finish,,,,,,,,,,,,,,,,,,,,,,,,,,,,,,,"",https://cdn.shopify.com/s/files/1/1027/3760/8885/files/61hIU_Cx4NL._SL1500.jpg?v=1789186898,2,"",,,,,,,,,,,,,,,,,,,,,,,,,,,,,,,,,,,,,,,,,,,,,,,,,
solid-sheesham-wood-three-seater-sofa-brown-finish,,,,,,,,,,,,,,,,,,,,,,,,,,,,,,,"",https://cdn.shopify.com/s/files/1/1027/3760/8885/files/61VRX3eQM4L._SL1370.jpg?v=1789186912,3,"",,,,,,,,,,,,,,,,,,,,,,,,,,,,,,,,,,,,,,,,,,,,,,,,,
solid-sheesham-wood-three-seater-sofa-brown-finish,,,,,,,,,,,,,,,,,,,,,,,,,,,,,,,"",https://cdn.shopify.com/s/files/1/1027/3760/8885/files/61U4PKGkgFL._SL1500.jpg?v=1789186929,4,"",,,,,,,,,,,,,,,,,,,,,,,,,,,,,,,,,,,,,,,,,,,,,,,,,
solid-sheesham-wood-three-seater-sofa-brown-finish,,,,,,,,,,,,,,,,,,,,,,,,,,,,,,,"",https://cdn.shopify.com/s/files/1/1027/3760/8885/files/61kNmpX6uyL._SL1500.jpg?v=1789186947,5,"",,,,,,,,,,,,,,,,,,,,,,,,,,,,,,,,,,,,,,,,,,,,,,,,,
solid-sheesham-wood-three-seater-sofa-brown-finish,,,,,,,,,,,,,,,,,,,,,,,,,,,,,,,"",https://cdn.shopify.com/s/files/1/1027/3760/8885/files/71LZY5kJq_L._SL1500.jpg?v=1789186988,6,"",,,,,,,,,,,,,,,,,,,,,,,,,,,,,,,,,,,,,,,,,,,,,,,,,
solid-sheesham-wood-three-seater-sofa-brown-finish,,,,,,,,,,,,,,,,,,,,,,,,,,,,,,,"",https://cdn.shopify.com/s/files/1/1027/3760/8885/files/71ZWigc8NDL._SL1500.jpg?v=1789187004,7,"",,,,,,,,,,,,,,,,,,,,,,,,,,,,,,,,,,,,,,,,,,,,,,,,,
solid-sheesham-wood-three-seater-sofa-walnut-finish-with-cushions,Solid Sheesham Wood Three Seater Sofa – Walnut Finish with Cushions,"<h4 class=""a-size-base-plus a-text-bold"">About this item</h4>
<ul class=""a-unordered-list a-vertical a-spacing-mini"">
<li class=""a-spacing-mini""><span class=""a-list-item""> Product Dimensions: Length 74 Inch x Width 31 Inch x Height 36 Inch </span></li>
<li class=""a-spacing-mini""><span class=""a-list-item""> Product Material: Sheesham Wood, Colour: Dark Walnut, Style: Contemporary, Seating Capacity: 3 Seater </span></li>
<li class=""a-spacing-mini""><span class=""a-list-item""> Warranty: The product comes with 10 Days Replacement and 12 Months warranty against any Damaged and Manufacturing Defects. </span></li>
<li class=""a-spacing-mini""><span class=""a-list-item""> The Sofa is a great addition to any home. With Luxury seats and a beautifully finished wood frame, you can't go wrong with this Sofa for living room. </span></li>
<li class=""a-spacing-mini""><span class=""a-list-item""> The Product Requires Basic Self Assembly At Customers End And Comes With Self Assembly Instructions Along With Necessary Accessories. Also can book a Free of Cost Assembly service by using the link </span></li>
</ul>",Dew's Furniture,Furniture > Sofas,"","3 Seater Sofa, Living room, Sheesham wood, Sofa, walnut",true,Title,Default Title,,,,,,,,,0.0,shopify,100,deny,manual,17999.00,24421.00,true,true,,,,,"",https://cdn.shopify.com/s/files/1/1027/3760/8885/files/Lifestyle-View-5.png?v=1789188117,1,"",false,,,,B08L1C2FMH,,Walnut Finish,,,, 40 kg , 25 Inches ,,,,, Sheesham Wood, 76D x 182W x 55H Centimeters , 3 , 76 Centimeters , 55 Centimetres ,Modern,, Sofa Bed ,, 100 Kilograms ," Product Dimensions: Length 74 Inch x Width 31 Inch x Height 36 Inch Product Material: Sheesham Wood, Colour: Dark Walnut, Style: Contemporary, Seating Capacity: 3 Seater Warranty: The product comes with 10 Days Replacement and 12 Months warranty against any Damaged and Manufacturing Defects. ",,,,walnut,,wood,,upholstered,,,,,,,,,,,kg,,,active
solid-sheesham-wood-three-seater-sofa-walnut-finish-with-cushions,,,,,,,,,,,,,,,,,,,,,,,,,,,,,,,"",https://cdn.shopify.com/s/files/1/1027/3760/8885/files/51HBVcRPOBL._SL1092.jpg?v=1789188149,2,"",,,,,,,,,,,,,,,,,,,,,,,,,,,,,,,,,,,,,,,,,,,,,,,,,
solid-sheesham-wood-three-seater-sofa-walnut-finish-with-cushions,,,,,,,,,,,,,,,,,,,,,,,,,,,,,,,"",https://cdn.shopify.com/s/files/1/1027/3760/8885/files/61h4k7GgkyL._SL1500.jpg?v=1789188168,3,"",,,,,,,,,,,,,,,,,,,,,,,,,,,,,,,,,,,,,,,,,,,,,,,,,
solid-sheesham-wood-three-seater-sofa-walnut-finish-with-cushions,,,,,,,,,,,,,,,,,,,,,,,,,,,,,,,"",https://cdn.shopify.com/s/files/1/1027/3760/8885/files/61VNkMX3QoL._SL1500.jpg?v=1789188188,4,"",,,,,,,,,,,,,,,,,,,,,,,,,,,,,,,,,,,,,,,,,,,,,,,,,
solid-sheesham-wood-three-seater-sofa-honey-finish-with-cushions,Solid Sheesham Wood Three Seater Sofa – Honey Finish with Cushions,"<h4 class=""a-size-base-plus a-text-bold"">About this item</h4>
<ul class=""a-unordered-list a-vertical a-spacing-mini"">
<li class=""a-spacing-mini""><span class=""a-list-item""> Product Dimensions: Length (72 Inch) x Width (31 Inch) x Height (31 Inch); Product Material: Sheesham Wood, Colour: Honey Finish, Style: Contemporary, Seating Capacity: 3 Seater</span></li>
<li class=""a-spacing-mini""><span class=""a-list-item""> Warranty: The product comes with 10 Days Replacement and 12 Months warranty against any Damaged and Manufacturing Defects.</span></li>
<li class=""a-spacing-mini""><span class=""a-list-item""> This is the good quality Sofa Over 30 tests conducted to ensure the quality.</span></li>
<li class=""a-spacing-mini""><span class=""a-list-item""> This wooden 3 seater sofa is a great addition to your living space which adds a touch of elegance to your modern decor theme. Sofa for Living Room Furniture is perfect as sofa for home, home sofa set for living room, bedroom sofa, office sofa.</span></li>
<li class=""a-spacing-mini""><span class=""a-list-item""> Item Shape: Rectangular; Item Weight: 50.0; Form Factor: Loveseat; Seating Capacity: 3.0; Care Instructions: Wipe Clean With Dry Cloth; Special Features: Space Saving; Arm Style: Padded </span></li>
</ul>",Dew's Furniture,Furniture > Sofas,"","3 Seater Sofa, Honey, Living room, Sheesham wood, Sofa",true,Title,Default Title,,,,,,,,,0.0,shopify,100,deny,manual,17999.00,28749.00,true,true,,,,,"",https://cdn.shopify.com/s/files/1/1027/3760/8885/files/Lifestyle-View-6.png?v=1789189037,1,"",false,,,,B08L1CQSV8,,Honey Finish,,,, 50 kg , 31 Inches ,,,,, Sheesham Wood , 78.7D x 182.9W x 78.7H Centimeters , 3 , 78.7 Centimeters , 78.7 Centimetres ,Modern,, Standard ,, 70 Kilograms ,"Product Dimensions: Length (72 Inch) x Width (31 Inch) x Height (31 Inch); Product Material: Sheesham Wood, Colour: Honey Finish, Style: Contemporary, Seating Capacity: 3 Seater",,,,honey,,wood,,,gray,,,,,,,,,,kg,,,active
solid-sheesham-wood-three-seater-sofa-honey-finish-with-cushions,,,,,,,,,,,,,,,,,,,,,,,,,,,,,,,"",https://cdn.shopify.com/s/files/1/1027/3760/8885/files/71SMmd5MiHL._SL1500.jpg?v=1789189072,2,"",,,,,,,,,,,,,,,,,,,,,,,,,,,,,,,,,,,,,,,,,,,,,,,,,
solid-sheesham-wood-three-seater-sofa-honey-finish-with-cushions,,,,,,,,,,,,,,,,,,,,,,,,,,,,,,,"",https://cdn.shopify.com/s/files/1/1027/3760/8885/files/61q_H-N9c3L._SL1500.jpg?v=1789189087,3,"",,,,,,,,,,,,,,,,,,,,,,,,,,,,,,,,,,,,,,,,,,,,,,,,,
solid-sheesham-wood-three-seater-sofa-honey-finish-with-cushions,,,,,,,,,,,,,,,,,,,,,,,,,,,,,,,"",https://cdn.shopify.com/s/files/1/1027/3760/8885/files/71dEKv5yYCL._SL1500.jpg?v=1789189115,4,"",,,,,,,,,,,,,,,,,,,,,,,,,,,,,,,,,,,,,,,,,,,,,,,,,
solid-sheesham-wood-three-seater-sofa-honey-finish-with-cushions,,,,,,,,,,,,,,,,,,,,,,,,,,,,,,,"",https://cdn.shopify.com/s/files/1/1027/3760/8885/files/71z4nxad62L._SL1500.jpg?v=1789189139,5,"",,,,,,,,,,,,,,,,,,,,,,,,,,,,,,,,,,,,,,,,,,,,,,,,,
solid-sheesham-wood-three-seater-sofa-honey-finish-with-cushions,,,,,,,,,,,,,,,,,,,,,,,,,,,,,,,"",https://cdn.shopify.com/s/files/1/1027/3760/8885/files/713K3hEbbvL._SL1500.jpg?v=1789189168,6,"",,,,,,,,,,,,,,,,,,,,,,,,,,,,,,,,,,,,,,,,,,,,,,,,,
solid-sheesham-wood-three-seater-sofa-dark-brown-finish-with-cushions,Solid Sheesham Wood Three Seater Sofa – Dark Brown Finish with Cushions,"<ul>
<li class=""a-spacing-mini""><span class=""a-list-item""> Inner Dimensions: 3 Seater : Length 63 inch x Depth 24 inch, Outer Dimensions (When assembled): 3 Seater : Length 71 inch x Depth 30 inch, Seating Height : 16 inch </span></li>
<li class=""a-spacing-mini""><span class=""a-list-item""> Product Material: Sheesham Wood, Colour: Natural Brown Finish, Style: Contemporary, Seating Capacity: 3 Seater </span></li>
<li class=""a-spacing-mini""><span class=""a-list-item""> 12 Month Warranty Against Any Manufacturing Defects </span></li>
<li class=""a-spacing-mini""><span class=""a-list-item""> The Sofa is a great addition to any home. With Luxury seats and a beautifully finished wood frame, you can't go wrong with this Sofa for living room. </span></li>
<li class=""a-spacing-mini""><span class=""a-list-item""> The Product Requires Basic Self Assembly At Customers End And Comes With Self Assembly Instructions Along With Necessary Accessories. </span></li>
</ul>",Dew's Furniture,Furniture > Sofas,"","3 Seater Sofa, brown, Living room, Natural, Sheesham wood, Sofa",true,Title,Default Title,,,,,,,,,0.0,shopify,100,deny,manual,14999.00,22148.00,true,true,,,,,"",https://cdn.shopify.com/s/files/1/1027/3760/8885/files/81hfv08d1VL._SL1500.jpg?v=1789190269,1,"",false,,,,B08L1F641X,,Natural Brown Finish,,,, 75 kg , 55 Centimetres ,,,,,Sheesham Wood, 76D x 182W x 55H Centimeters , 3 , 76 Centimeters , 16 Inches ,Modern,, Standard ,, 80 Kilograms ,"Inner Dimensions: 3 Seater : Length 63 inch x Depth 24 inch, Outer Dimensions (When assembled): 3 Seater : Length 71 inch x Depth 30 inch, Seating Height : 16 inch ",,,,natural-brown,,wood,,upholstered,cream,,,,,,,,,,kg,,,active
solid-sheesham-wood-three-seater-sofa-dark-brown-finish-with-cushions,,,,,,,,,,,,,,,,,,,,,,,,,,,,,,,"",https://cdn.shopify.com/s/files/1/1027/3760/8885/files/51acuM0Z2cL._SL1500.jpg?v=1789190267,2,"",,,,,,,,,,,,,,,,,,,,,,,,,,,,,,,,,,,,,,,,,,,,,,,,,
solid-sheesham-wood-three-seater-sofa-dark-brown-finish-with-cushions,,,,,,,,,,,,,,,,,,,,,,,,,,,,,,,"",https://cdn.shopify.com/s/files/1/1027/3760/8885/files/615xWggBQjL._SL1500.jpg?v=1789190271,3,"",,,,,,,,,,,,,,,,,,,,,,,,,,,,,,,,,,,,,,,,,,,,,,,,,
solid-sheesham-wood-three-seater-sofa-walnut-black-finish-with-cushions,Solid Sheesham Wood Three Seater Sofa – Walnut Black Finish with Cushions,"<h4 class=""a-size-base-plus a-text-bold"">About this item</h4>
<ul class=""a-unordered-list a-vertical a-spacing-mini"">
<li class=""a-spacing-mini""><span class=""a-list-item""> Inner Dimensions: 3 Seater : Length 63 inch x Depth 24 inch, Outer Dimensions (When assembled): 3 Seater : Length 71 inch x Depth 30 inch, Seating Height : 16 inch </span></li>
<li class=""a-spacing-mini""><span class=""a-list-item""> Product Material: Sheesham Wood, Colour: Walnut Black Finish, Style: Contemporary, Seating Capacity: 3 Seater </span></li>
<li class=""a-spacing-mini""><span class=""a-list-item""> Warranty: The product comes with 10 Days Replacement and 12 Months warranty against any Damaged and Manufacturing Defects. </span></li>
<li class=""a-spacing-mini""><span class=""a-list-item""> sofa set | wooden sofa set furniture | wooden sofa | sofa set 3 seater | wooden sofa set | 3 seater sofa set | sofa 3 seater | sofa set for living room low price | wooden sofa set furniture 3 seater | sofa 3 seater living room | sofa set living room | sofa set living room furniture | sheesham wood sofa set | sofa set 3 | three seater sofa set </span></li>
<li class=""a-spacing-mini""><span class=""a-list-item""> The Product Requires Basic Self Assembly At Customers End And Comes With Self Assembly Instructions Along With Necessary Accessories. Also can book a Free of Cost Assembly service by using the link </span></li>
</ul>",Dew's Furniture,Furniture > Sofas,"","3 Seater Sofa, Living room, Sheesham wood, Sofa, walnut",true,Title,Default Title,,,,,,,,,0.0,shopify,100,deny,manual,16129.00,21978.00,true,true,,,,,"",https://cdn.shopify.com/s/files/1/1027/3760/8885/files/Lifestyle-View-7.png?v=1789191639,1,"",false,,,,B08L1CGZ3S,, Walnut Finish ,,,, 80 kg ,,,,,,Sheesham Wood, 76D x 182W x 55H Centimeters , 3 , 61 Centimeters , 16 Inches , Modern ,, Standard ,,," Inner Dimensions: 3 Seater : Length 63 inch x Depth 24 inch, Outer Dimensions (When assembled): 3 Seater : Length 71 inch x Depth 30 inch, Seating Height : 16 inch Product Material: Sheesham Wood, Colour: Walnut Black Finish, Style: Contemporary, Seating Capacity: 3 Seater ",,,,walnut,,wood,,upholstered,clear,,,,,,,,,,kg,,,active
solid-sheesham-wood-three-seater-sofa-walnut-black-finish-with-cushions,,,,,,,,,,,,,,,,,,,,,,,,,,,,,,,"",https://cdn.shopify.com/s/files/1/1027/3760/8885/files/61TjdDFYTCL._SL1500.jpg?v=1789190988,2,"",,,,,,,,,,,,,,,,,,,,,,,,,,,,,,,,,,,,,,,,,,,,,,,,,
solid-sheesham-wood-three-seater-sofa-walnut-black-finish-with-cushions,,,,,,,,,,,,,,,,,,,,,,,,,,,,,,,"",https://cdn.shopify.com/s/files/1/1027/3760/8885/files/61dfXx0_ghL._SL1500.jpg?v=1789191004,3,"",,,,,,,,,,,,,,,,,,,,,,,,,,,,,,,,,,,,,,,,,,,,,,,,,
solid-sheesham-wood-three-seater-sofa-walnut-black-finish-with-cushions,,,,,,,,,,,,,,,,,,,,,,,,,,,,,,,"",https://cdn.shopify.com/s/files/1/1027/3760/8885/files/61RavPoRRsL._SL1500.jpg?v=1789191023,4,"",,,,,,,,,,,,,,,,,,,,,,,,,,,,,,,,,,,,,,,,,,,,,,,,,
solid-sheesham-wood-three-seater-sofa-walnut-black-finish-with-cushions,,,,,,,,,,,,,,,,,,,,,,,,,,,,,,,"",https://cdn.shopify.com/s/files/1/1027/3760/8885/files/61WZjKjgQ1L._SL1500.jpg?v=1789191041,5,"",,,,,,,,,,,,,,,,,,,,,,,,,,,,,,,,,,,,,,,,,,,,,,,,,
solid-sheesham-wood-three-seater-sofa-brown-finish-with-cushions,Solid Sheesham Wood Three Seater Sofa – Brown Finish with Cushions,"<h4 class=""a-size-base-plus a-text-bold"">About this item</h4>
<ul class=""a-unordered-list a-vertical a-spacing-mini"">
<li class=""a-spacing-mini""><span class=""a-list-item""> Product Dimensions(Inch):-Inner Dimensions Sizes:- 3 Seater(Length 63 in x Depth 24 in), 2 Seater(Length 42 in x Depth 24 in), Single Seater(Length 21 in x Depth 24 in), Out Dimensions (When assembled):- 3 Seater(Length 71 in x Depth 30 in), 2 Seater(Length 50 in x Depth 30 in), Single Seater(Length 29 in x Depth 30 in), Seating Height:-16 inches </span></li>
<li class=""a-spacing-mini""><span class=""a-list-item""> Product Material: Sheesham Wood, Colour: Brown Finish, Style: Contemporary, Seating Capacity: 3 Seater </span></li>
<li class=""a-spacing-mini""><span class=""a-list-item""> Warranty: The product comes with 10 Days Replacement and 12 Months warranty against any Damaged and Manufacturing Defects. </span></li>
<li class=""a-spacing-mini""><span class=""a-list-item""> sofa set | wooden sofa set furniture | wooden sofa | sofa set 3 seater | wooden sofa set | 3 seater sofa set | sofa 3 seater | sofa set for living room low price | wooden sofa set furniture 3 seater | sofa 3 seater living room | sofa set living room | sofa set living room furniture | sheesham wood sofa set | sofa set 3 | three seater sofa set </span></li>
<li class=""a-spacing-mini""><span class=""a-list-item""> The Product Requires Basic Self Assembly At Customers End And Comes With Self Assembly Instructions Along With Necessary Accessories. Also can book a Free of Cost Assembly service by using the link </span></li>
</ul>",Dew's Furniture,Furniture > Sofas,"","3 Seater Sofa, brown, Living room, Sheesham wood, Sofa",true,Title,Default Title,,,,,,,,,0.0,shopify,100,deny,manual,13999.00,21978.00,true,true,,,,,"",https://cdn.shopify.com/s/files/1/1027/3760/8885/files/Lifestyle-View-8.png?v=1789193226,1,"",false,,,,B08L1D5571,,Brown,,Yes,, 62 kg , 29.9 Inches ,,,,, Sheesham Wood, 24D x 24W x 63H Centimeters , 3.00 , 24 Centimeters , 63 Centimetres ,Asian,, Standard ,, 80 Kilograms ,"Product Dimensions(Inch):-Inner Dimensions Sizes:- 3 Seater(Length 63 in x Depth 24 in), 2 Seater(Length 42 in x Depth 24 in), Single Seater(Length 21 in x Depth 24 in), Out Dimensions (When assembled):- 3 Seater(Length 71 in x Depth 30 in), 2 Seater(Length 50 in x Depth 30 in), Single Seater(Length 29 in x Depth 30 in), Seating Height:-16 inches ",,,,brown,,wood,,upholstered-padded,cream,,,,,,,,,,kg,,,active
solid-sheesham-wood-three-seater-sofa-brown-finish-with-cushions,,,,,,,,,,,,,,,,,,,,,,,,,,,,,,,"",https://cdn.shopify.com/s/files/1/1027/3760/8885/files/51hq0Xsj-1L._SL1500.jpg?v=1789192267,2,"",,,,,,,,,,,,,,,,,,,,,,,,,,,,,,,,,,,,,,,,,,,,,,,,,
solid-sheesham-wood-three-seater-sofa-brown-finish-with-cushions,,,,,,,,,,,,,,,,,,,,,,,,,,,,,,,"",https://cdn.shopify.com/s/files/1/1027/3760/8885/files/DimensionView-2_41aacfce-4817-49eb-8701-880e910d1029.png?v=1789313872,3,"",,,,,,,,,,,,,,,,,,,,,,,,,,,,,,,,,,,,,,,,,,,,,,,,,
solid-sheesham-wood-three-seater-sofa-brown-finish-with-cushions,,,,,,,,,,,,,,,,,,,,,,,,,,,,,,,"",https://cdn.shopify.com/s/files/1/1027/3760/8885/files/51vmoBJEOJL._SL1500.jpg?v=1789192300,4,"",,,,,,,,,,,,,,,,,,,,,,,,,,,,,,,,,,,,,,,,,,,,,,,,,
solid-sheesham-wood-three-seater-sofa-brown-finish-with-cushions,,,,,,,,,,,,,,,,,,,,,,,,,,,,,,,"",https://cdn.shopify.com/s/files/1/1027/3760/8885/files/61sxmN6mUqL._SL1500.jpg?v=1789192323,5,"",,,,,,,,,,,,,,,,,,,,,,,,,,,,,,,,,,,,,,,,,,,,,,,,,
solid-sheesham-wood-three-seater-sofa-brown-finish-with-cushions,,,,,,,,,,,,,,,,,,,,,,,,,,,,,,,"",https://cdn.shopify.com/s/files/1/1027/3760/8885/files/51KwxQbSQTL._SL1500.jpg?v=1789192282,6,"",,,,,,,,,,,,,,,,,,,,,,,,,,,,,,,,,,,,,,,,,,,,,,,,,
solid-sheesham-wood-three-seater-sofa-brown-finish-1,Solid Sheesham Wood Three Seater Sofa – Brown Finish,"<h4 class=""a-size-base-plus a-text-bold"">About this item</h4>
<ul class=""a-unordered-list a-vertical a-spacing-mini"">
<li class=""a-spacing-mini""><span class=""a-list-item""> Product Dimensions(Inch) : Height (29 In) x Width (30.5 In) x Length (74 In) </span></li>
<li class=""a-spacing-mini""><span class=""a-list-item""> Primary Material: Solid Sheesham Wood Style: Contemporary, Seating Capacity: 3 Seater </span></li>
<li class=""a-spacing-mini""><span class=""a-list-item""> Warranty: The product comes with 10 Days Replacement and 12 Months warranty against any Damaged and Manufacturing Defects. </span></li>
<li class=""a-spacing-mini""><span class=""a-list-item""> sofa set | wooden sofa set furniture | wooden sofa | sofa set 3 seater | wooden sofa set | 3 seater sofa set | sofa 3 seater | sofa set for living room low price | wooden sofa set furniture 3 seater | sofa 3 seater living room | sofa set living room | sofa set living room furniture | sheesham wood sofa set | sofa set 3 | three seater sofa set </span></li>
<li class=""a-spacing-mini""><span class=""a-list-item""> The Sofa is a great addition to any home. With Luxury seats and a beautifully finished wood frame, you can't go wrong with this Sofa for living room. </span></li>
</ul>",Dew's Furniture,Furniture > Sofas,"","3 Seater Sofa, brown, Living room, Sheesham wood, Sofa",true,Title,Default Title,,,,,,,,,0.0,shopify,100,deny,manual,22562.00,28749.00,true,true,,,,,"",https://cdn.shopify.com/s/files/1/1027/3760/8885/files/Lifestyle-View-9.png?v=1789193938,1,"",false,,,,B08L1GGR5S,, Brown ,,,, 45 kg ,,,,,,Solid Sheesham Wood, 188D x 77.5W x 73.7H Centimeters , 3.00 ,,, Asian ,," Standard , Living Room ",,," Product Dimensions(Inch) : Height (29 In) x Width (30.5 In) x Length (74 In) Primary Material: Solid Sheesham Wood Style: Contemporary, Seating Capacity: 3 Seater ",,,,brown,,wood,,upholstered,,,,,,,,,,,kg,,,active
solid-sheesham-wood-three-seater-sofa-brown-finish-1,,,,,,,,,,,,,,,,,,,,,,,,,,,,,,,"",https://cdn.shopify.com/s/files/1/1027/3760/8885/files/618gwk3Z7OL._SL1500.jpg?v=1789193660,2,"",,,,,,,,,,,,,,,,,,,,,,,,,,,,,,,,,,,,,,,,,,,,,,,,,
solid-sheesham-wood-three-seater-sofa-brown-finish-1,,,,,,,,,,,,,,,,,,,,,,,,,,,,,,,"",https://cdn.shopify.com/s/files/1/1027/3760/8885/files/61dJaoxIOAL._SL1500.jpg?v=1789193685,3,"",,,,,,,,,,,,,,,,,,,,,,,,,,,,,,,,,,,,,,,,,,,,,,,,,
solid-sheesham-wood-three-seater-sofa-brown-finish-1,,,,,,,,,,,,,,,,,,,,,,,,,,,,,,,"",https://cdn.shopify.com/s/files/1/1027/3760/8885/files/61Vg7sFFHeL._SL1500.jpg?v=1789193738,4,"",,,,,,,,,,,,,,,,,,,,,,,,,,,,,,,,,,,,,,,,,,,,,,,,,
solid-sheesham-wood-three-seater-sofa-brown-finish-1,,,,,,,,,,,,,,,,,,,,,,,,,,,,,,,"",https://cdn.shopify.com/s/files/1/1027/3760/8885/files/71AKcAFIv5L._SL1500.jpg?v=1789193849,5,"",,,,,,,,,,,,,,,,,,,,,,,,,,,,,,,,,,,,,,,,,,,,,,,,,
solid-sheesham-wood-three-seater-sofa-brown-finish-1,,,,,,,,,,,,,,,,,,,,,,,,,,,,,,,"",https://cdn.shopify.com/s/files/1/1027/3760/8885/files/712FlZGfdAL._SL1500.jpg?v=1789193898,6,"",,,,,,,,,,,,,,,,,,,,,,,,,,,,,,,,,,,,,,,,,,,,,,,,,
solid-sheesham-wood-three-seater-sofa-brown-finish-1,,,,,,,,,,,,,,,,,,,,,,,,,,,,,,,"",https://cdn.shopify.com/s/files/1/1027/3760/8885/files/DimensionView-1_a2448f71-9d7f-44c8-8d6a-40f991568b18.png?v=1789314203,7,"",,,,,,,,,,,,,,,,,,,,,,,,,,,,,,,,,,,,,,,,,,,,,,,,,
sheesham-wood-5-seater-sofa-set-brown-finish,Sheesham Wood 5 Seater Sofa Set – Brown Finish,"<ul>
<li class=""a-spacing-mini""><span class=""a-list-item""> Inner Dimensions: 3 Seater : Length 63 inch x Depth 24 inch, 2 Seater : Length 42 inch x Depth 24 inch, Single Seater : Length 21 inch x Depth 24 inch, Outer Dimensions (When assembled): 3 Seater : Length 71 inch x Depth 30 inch, 2 Seater : Length 50 inch x Depth 30 inch, Single Seater : Length 29 inch x Depth 30 inch, Seating Height : 16 inch </span></li>
<li class=""a-spacing-mini""><span class=""a-list-item""> Product Material: Sheesham Wood, Colour: Brownfinish, Style: Contemporary, Seating Capacity: 5 Seater </span></li>
<li class=""a-spacing-mini""><span class=""a-list-item""> Warranty: The product comes with 10 Days Replacement and 12 Months warranty against any Damaged and Manufacturing Defects. </span></li>
<li class=""a-spacing-mini""><span class=""a-list-item""> The Sofa is a great addition to any home. With Luxury seats and a beautifully finished wood frame, you can't go wrong with this Sofa for living room. </span></li>
<li class=""a-spacing-mini""><span class=""a-list-item""> This is 5 Seater Sofa , Wooden sofa set furniture , sofa set for living room , sofa 3 1 1 set , solid wood sofa </span></li>
</ul>",Dew's Furniture,Furniture > Sofas,"","5 Seater Sofa, brown, Sheesham wood, Sofa",true,Title,Default Title,,,,,,,,,0.0,shopify,100,deny,manual,40352.00,47476.00,true,true,,,,,"",https://cdn.shopify.com/s/files/1/1027/3760/8885/files/sheesham-wood-5-seater-sofa-set.png?v=1789375726,1,"",false,,,,B08L1DDKDJ,,Brown,Multiple Cushion Seat,,, 65 kg , 73.7 Centimetres ,,,,,Sheesham Wood, 188D x 77.5W x 73.7H Centimeters , 5.00 , 188 Centimeters , 16 Inches ,Modern,, Sofa Bed ,, 100 Kilograms ,"Inner Dimensions: 3 Seater : Length 63 inch x Depth 24 inch, 2 Seater : Length 42 inch x Depth 24 inch, Single Seater : Length 21 inch x Depth 24 inch, Outer Dimensions (When assembled): 3 Seater : Length 71 inch x Depth 30 inch, 2 Seater : Length 50 inch x Depth 30 inch, Single Seater : Length 29 inch x Depth 30 inch, Seating Height : 16 inch ",,,,brown,,wood,,upholstered,,,,,,,,,,,kg,,,active
sheesham-wood-5-seater-sofa-set-brown-finish,,,,,,,,,,,,,,,,,,,,,,,,,,,,,,,"",https://cdn.shopify.com/s/files/1/1027/3760/8885/files/619mzglJnZL._SL1500.jpg?v=1789195081,2,"",,,,,,,,,,,,,,,,,,,,,,,,,,,,,,,,,,,,,,,,,,,,,,,,,
sheesham-wood-5-seater-sofa-set-brown-finish,,,,,,,,,,,,,,,,,,,,,,,,,,,,,,,"",https://cdn.shopify.com/s/files/1/1027/3760/8885/files/61hja1Rbm6L._SL1370.jpg?v=1789195080,3,"",,,,,,,,,,,,,,,,,,,,,,,,,,,,,,,,,,,,,,,,,,,,,,,,,
sheesham-wood-5-seater-sofa-set-brown-finish,,,,,,,,,,,,,,,,,,,,,,,,,,,,,,,"",https://cdn.shopify.com/s/files/1/1027/3760/8885/files/61dOm273c7L._SL1500.jpg?v=1789195099,4,"",,,,,,,,,,,,,,,,,,,,,,,,,,,,,,,,,,,,,,,,,,,,,,,,,
sheesham-wood-5-seater-sofa-set-brown-finish,,,,,,,,,,,,,,,,,,,,,,,,,,,,,,,"",https://cdn.shopify.com/s/files/1/1027/3760/8885/files/613ue79GiwL._SL1500.jpg?v=1789195132,5,"",,,,,,,,,,,,,,,,,,,,,,,,,,,,,,,,,,,,,,,,,,,,,,,,,
sheesham-wood-5-seater-sofa-set-walnut-finish,Sheesham Wood 5 Seater Sofa Set – (Walnut Finish (3+1+1),"<h4 class=""a-size-base-plus a-text-bold"">About this item</h4>
<ul class=""a-unordered-list a-vertical a-spacing-mini"">
<li class=""a-spacing-mini""><span class=""a-list-item""> Product Dimensions: 3 Seater : Length 65 Inch x Width 33.4 Inch x Height 29.5 inch, 1 Seater : Length 27.5 Inch x Width 33.4 Inch x Height 29.5 Inch </span></li>
<li class=""a-spacing-mini""><span class=""a-list-item""> Product Material: Sheesham Wood, Colour: walnut finish, Style: Contemporary, Seating Capacity: 5 Seater </span></li>
<li class=""a-spacing-mini""><span class=""a-list-item""> Warranty: The product comes with 10 Days Replacement and 12 Months warranty against any Damaged and Manufacturing Defects. </span></li>
<li class=""a-spacing-mini""><span class=""a-list-item""> The Sofa is a great addition to any home. With Luxury seats and a beautifully finished wood frame, you can't go wrong with this Sofa for living room. </span></li>
<li class=""a-spacing-mini""><span class=""a-list-item""> This is 5 Seater Sofa , Wooden sofa set furniture , sofa set for living room , sofa 3 1 1 set , solid wood sofa </span></li>
</ul>",Dew's Furniture,Furniture > Furniture Sets > Living Room Furniture Sets,"","5 Seater Sofa, Living room, Sheesham wood, Sofa, walnut",true,Title,Default Title,,,,,,,,,0.0,shopify,100,deny,manual,61114.00,69330.00,true,true,,,,,"",https://cdn.shopify.com/s/files/1/1027/3760/8885/files/Lifestyle-View-11.png?v=1789196014,1,"",false,,,,B08L1D1655,,Walnut Finish,,,, 86 kg , 29.5 Inches ,,,,,Sheesham Wood, 84D x 165W x 74H Centimeters , 5 , 84 Centimeters , 74 Centimetres ,Modern,, Sofa Bed ,, 100 Kilograms ," Product Dimensions: 3 Seater : Length 65 Inch x Width 33.4 Inch x Height 29.5 inch, 1 Seater : Length 27.5 Inch x Width 33.4 Inch x Height 29.5 Inch Product Material: Sheesham Wood, Colour: walnut finish, Style: Contemporary, Seating Capacity: 5 Seater ",,padded,,,walnut,,,upholstered,,,,,,,,,,,kg,,,active
sheesham-wood-5-seater-sofa-set-walnut-finish,,,,,,,,,,,,,,,,,,,,,,,,,,,,,,,"",https://cdn.shopify.com/s/files/1/1027/3760/8885/files/514BbaV8kWL._SL1500.jpg?v=1789195289,2,"",,,,,,,,,,,,,,,,,,,,,,,,,,,,,,,,,,,,,,,,,,,,,,,,,
sheesham-wood-5-seater-sofa-set-walnut-finish,,,,,,,,,,,,,,,,,,,,,,,,,,,,,,,"",https://cdn.shopify.com/s/files/1/1027/3760/8885/files/51TAmvImKkL._SL1106.jpg?v=1789195288,3,"",,,,,,,,,,,,,,,,,,,,,,,,,,,,,,,,,,,,,,,,,,,,,,,,,
sheesham-wood-5-seater-sofa-set-walnut-finish,,,,,,,,,,,,,,,,,,,,,,,,,,,,,,,"",https://cdn.shopify.com/s/files/1/1027/3760/8885/files/51QV5xIdvmL._SL1500.jpg?v=1789195306,4,"",,,,,,,,,,,,,,,,,,,,,,,,,,,,,,,,,,,,,,,,,,,,,,,,,
sheesham-wood-5-seater-sofa-set-walnut-finish,,,,,,,,,,,,,,,,,,,,,,,,,,,,,,,"",https://cdn.shopify.com/s/files/1/1027/3760/8885/files/51Q7dbQTRPL._SL1500.jpg?v=1789195321,5,"",,,,,,,,,,,,,,,,,,,,,,,,,,,,,,,,,,,,,,,,,,,,,,,,,
sheesham-wood-5-seater-sofa-set-walnut-finish,,,,,,,,,,,,,,,,,,,,,,,,,,,,,,,"",https://cdn.shopify.com/s/files/1/1027/3760/8885/files/61mzVMXgPgL._SL1500.jpg?v=1789195345,6,"",,,,,,,,,,,,,,,,,,,,,,,,,,,,,,,,,,,,,,,,,,,,,,,,,
modern-design-5-seater-sofa-set-home-living-room,Modern Design 5 Seater Sofa Set – Home & Living Room,"<h4 class=""a-size-base-plus a-text-bold"">About this item</h4>
<ul class=""a-unordered-list a-vertical a-spacing-mini"">
<li class=""a-spacing-mini""><span class=""a-list-item""> Product Dimensions: 3 Seater : Length 65 Inch x Width 33.4 Inch x Height 29.5 inch, 1 Seater : Height 27.5 Inch x Length 33.4 Inch x Width 29.5 Inch </span></li>
<li class=""a-spacing-mini""><span class=""a-list-item""> Product Material: Sheesham Wood, Colour: walnut finish, Style: Contemporary, Seating Capacity: 3 Seater </span></li>
<li class=""a-spacing-mini""><span class=""a-list-item""> Warranty: The product comes with 10 Days Replacement and 12 Months warranty against any Damaged and Manufacturing Defects. </span></li>
<li class=""a-spacing-mini""><span class=""a-list-item""> This is the good quality Sofa Over 30 tests conducted to ensure the quality. </span></li>
<li class=""a-spacing-mini""><span class=""a-list-item""> The Sofa is a great addition to any home. With Luxury seats and a beautifully finished wood frame, you can't go wrong with this Sofa for living room. </span></li>
</ul>",Dew's Furniture,Furniture > Furniture Sets > Living Room Furniture Sets,"","5 Seater Sofa, Sheesham wood, Sofa, walnut",true,Title,Default Title,,,,,,,,,0.0,shopify,100,deny,manual,44665.00,52016.00,true,true,,,,,"",https://cdn.shopify.com/s/files/1/1027/3760/8885/files/Lifestyle-View-1_67b29090-11e5-49f3-a33d-5b89f16d551e.jpg?v=1789198666,1,"",false,,,,B08L1F23BB,, Walnut Finish ,,,, 85 kg ,,,,,,Sheesham Wood, 84D x 165W x 76H Centimeters , 5 , 84.8 Centimeters ,, Modern ,, Sofa Bed ,,," Product Dimensions: 3 Seater : Length 65 Inch x Width 33.4 Inch x Height 29.5 inch, 1 Seater : Height 27.5 Inch x Length 33.4 Inch x Width 29.5 Inch Product Material: Sheesham Wood, Colour: walnut finish, Style: Contemporary, Seating Capacity: 3 Seater ",,padded,,,walnut,,,upholstered-padded,,,,,,,,,,,kg,,,active
modern-design-5-seater-sofa-set-home-living-room,,,,,,,,,,,,,,,,,,,,,,,,,,,,,,,"",https://cdn.shopify.com/s/files/1/1027/3760/8885/files/61-gNTwqE6L._SL1500.jpg?v=1789196702,2,"",,,,,,,,,,,,,,,,,,,,,,,,,,,,,,,,,,,,,,,,,,,,,,,,,
modern-design-5-seater-sofa-set-home-living-room,,,,,,,,,,,,,,,,,,,,,,,,,,,,,,,"",https://cdn.shopify.com/s/files/1/1027/3760/8885/files/61dtKm0yb9L._SL1500.jpg?v=1789196705,3,"",,,,,,,,,,,,,,,,,,,,,,,,,,,,,,,,,,,,,,,,,,,,,,,,,
modern-design-5-seater-sofa-set-home-living-room,,,,,,,,,,,,,,,,,,,,,,,,,,,,,,,"",https://cdn.shopify.com/s/files/1/1027/3760/8885/files/61gR0UnzmNL._SL1500.jpg?v=1789196731,4,"",,,,,,,,,,,,,,,,,,,,,,,,,,,,,,,,,,,,,,,,,,,,,,,,,
modern-design-5-seater-sofa-set-home-living-room,,,,,,,,,,,,,,,,,,,,,,,,,,,,,,,"",https://cdn.shopify.com/s/files/1/1027/3760/8885/files/61scppxNGDL._SL1500.jpg?v=1789196749,5,"",,,,,,,,,,,,,,,,,,,,,,,,,,,,,,,,,,,,,,,,,,,,,,,,,
modern-design-5-seater-sofa-set-home-living-room,,,,,,,,,,,,,,,,,,,,,,,,,,,,,,,"",https://cdn.shopify.com/s/files/1/1027/3760/8885/files/DimensionView-1_470386dc-464d-4a59-b02e-07825d70f950.png?v=1789314921,6,"",,,,,,,,,,,,,,,,,,,,,,,,,,,,,,,,,,,,,,,,,,,,,,,,,
sheesham-wood-5-seater-sofa-set-mahogany-finish-with-cushions,Sheesham Wood 5 Seater Sofa Set – Mahogany Finish with Cushions,"<h4 class=""a-size-base-plus a-text-bold"">About this item</h4>
<ul class=""a-unordered-list a-vertical a-spacing-mini"">
<li class=""a-spacing-mini""><span class=""a-list-item""> Care Instructions: Wipe Clean With Dry Cloth; Style Name: Asian; Item Shape: Rectangular; Form Factor: Loveseat; Arm Style: Padded; Seating Capacity: 5.0; Item Weight: 70.0 </span></li>
</ul>",Dew's Furniture,Furniture > Furniture Sets > Living Room Furniture Sets,"","5 Seater Sofa, Living room, Sheesham wood, Sofa",true,Title,Default Title,,,,,,,,,0.0,shopify,100,deny,manual,37999.00,53899.00,true,true,,,,,"",https://cdn.shopify.com/s/files/1/1027/3760/8885/files/Lifestyle-View-1_5f58ea12-72ef-4444-91b3-8c0d42e486fa.jpg?v=1789198220,1,"",false,,,,B08L1DQN1D,,Mahogany Finish,,,, 70 kg , 25 Inches ,,,,, Sheesham Wood , 78D x 188W x 78H Centimeters , 5 , 78 Centimeters , 78 Centimetres ,Asian,, Standard ,, 100 Kilograms , Care Instructions: Wipe Clean With Dry Cloth; Style Name: Asian; Item Shape: Rectangular; Form Factor: Loveseat; Arm Style: Padded; Seating Capacity: 5.0; Item Weight: 70.0 ,,,,,mahogany,,,,,,,,,,,,,,kg,,,active
sheesham-wood-5-seater-sofa-set-mahogany-finish-with-cushions,,,,,,,,,,,,,,,,,,,,,,,,,,,,,,,"",https://cdn.shopify.com/s/files/1/1027/3760/8885/files/61j4pcqJ--L._SL1500.jpg?v=1789197576,2,"",,,,,,,,,,,,,,,,,,,,,,,,,,,,,,,,,,,,,,,,,,,,,,,,,
sheesham-wood-5-seater-sofa-set-mahogany-finish-with-cushions,,,,,,,,,,,,,,,,,,,,,,,,,,,,,,,"",https://cdn.shopify.com/s/files/1/1027/3760/8885/files/61KCcDTeP6L._SL1500.jpg?v=1789197594,3,"",,,,,,,,,,,,,,,,,,,,,,,,,,,,,,,,,,,,,,,,,,,,,,,,,
sheesham-wood-5-seater-sofa-set-mahogany-finish-with-cushions,,,,,,,,,,,,,,,,,,,,,,,,,,,,,,,"",https://cdn.shopify.com/s/files/1/1027/3760/8885/files/71rxmoq1sgL._SL1500.jpg?v=1789197613,4,"",,,,,,,,,,,,,,,,,,,,,,,,,,,,,,,,,,,,,,,,,,,,,,,,,
sheesham-wood-5-seater-sofa-set-mahogany-finish-with-cushions,,,,,,,,,,,,,,,,,,,,,,,,,,,,,,,"",https://cdn.shopify.com/s/files/1/1027/3760/8885/files/71JcHAexwqL._SL1500.jpg?v=1789197630,5,"",,,,,,,,,,,,,,,,,,,,,,,,,,,,,,,,,,,,,,,,,,,,,,,,,
sheesham-wood-5-seater-sofa-set-mahogany-finish-with-cushions,,,,,,,,,,,,,,,,,,,,,,,,,,,,,,,"",https://cdn.shopify.com/s/files/1/1027/3760/8885/files/71NIhazxmHL._SL1500.jpg?v=1789197648,6,"",,,,,,,,,,,,,,,,,,,,,,,,,,,,,,,,,,,,,,,,,,,,,,,,,
sheesham-wood-5-seater-sofa-set-mahogany-finish-with-cushions,,,,,,,,,,,,,,,,,,,,,,,,,,,,,,,"",https://cdn.shopify.com/s/files/1/1027/3760/8885/files/71sN2w6QyBL._SL1500.jpg?v=1789197663,7,"",,,,,,,,,,,,,,,,,,,,,,,,,,,,,,,,,,,,,,,,,,,,,,,,,
sheesham-wood-5-seater-sofa-set,Sheesham Wood 5 Seater Sofa Set - Dark Walnut (3+1+1),"<ul>
<li class=""a-spacing-mini""><span class=""a-list-item""> Dimension 3 Seater: Length 72.5 Inch x Width 29.5 Inch x Height 22 Inch, 1 Seater: Length 31 Inch x Width 29.5 Inch x Height 22 Inch </span></li>
<li class=""a-spacing-mini""><span class=""a-list-item""> Product Material: Sheesham Wood, Colour: walnut dark brown, Style: Contemporary, Seating Capacity: 5 Seater </span></li>
<li class=""a-spacing-mini""><span class=""a-list-item""> Warranty: The product comes with 10 Days Replacement and 12 Months warranty against any Damaged and Manufacturing Defects. </span></li>
<li class=""a-spacing-mini""><span class=""a-list-item""> The Sofa is a great addition to any home. With Luxury seats and a beautifully finished wood frame, you can't go wrong with this Sofa for living room. </span></li>
<li class=""a-spacing-mini""><span class=""a-list-item""> This is 5 Seater Sofa , Wooden sofa set furniture , sofa set for living room , sofa 3 1 1 set , solid wood sofa </span></li>
</ul>",Dew's Furniture,Furniture > Sofas,"","5 Seater Sofa, Living room, Sheesham wood, Sofa, walnut",true,Title,Default Title,,,,,,,,,0.0,shopify,100,deny,manual,35625.00,40625.00,true,true,,,,,"",https://cdn.shopify.com/s/files/1/1027/3760/8885/files/Lifestyle-View-1_bcf90ebb-66a7-48ed-b9fd-336f19cfa082.jpg?v=1789199225,1,"",false,,,,B08L1FBQ4F,,Brown Walnut,,,, 70 kg , 29.9 Inches ,,,,,Sheesham Wood, 74.9D x 182.9W x 55.9H Centimeters , 5 , 74.9 Centimeters , 55.9 Centimetres ,Asian,, Standard ,, 100 Kilograms ," Dimension 3 Seater: Length 72.5 Inch x Width 29.5 Inch x Height 22 Inch, 1 Seater: Length 31 Inch x Width 29.5 Inch x Height 22 Inch Product Material: Sheesham Wood, Colour: walnut dark brown, Style: Contemporary, Seating Capacity: 5 Seater ",,,,walnut,,,,upholstered,,,,,,,,,,,kg,,,active
sheesham-wood-5-seater-sofa-set,,,,,,,,,,,,,,,,,,,,,,,,,,,,,,,"",https://cdn.shopify.com/s/files/1/1027/3760/8885/files/61JMjpnFiYL._SL1500.jpg?v=1789198982,2,"",,,,,,,,,,,,,,,,,,,,,,,,,,,,,,,,,,,,,,,,,,,,,,,,,
sheesham-wood-5-seater-sofa-set,,,,,,,,,,,,,,,,,,,,,,,,,,,,,,,"",https://cdn.shopify.com/s/files/1/1027/3760/8885/files/61kvA7QG5cL._SL1500.jpg?v=1789198983,3,"",,,,,,,,,,,,,,,,,,,,,,,,,,,,,,,,,,,,,,,,,,,,,,,,,
sheesham-wood-5-seater-sofa-set,,,,,,,,,,,,,,,,,,,,,,,,,,,,,,,"",https://cdn.shopify.com/s/files/1/1027/3760/8885/files/61fiI951rEL._SL1500.jpg?v=1789199005,4,"",,,,,,,,,,,,,,,,,,,,,,,,,,,,,,,,,,,,,,,,,,,,,,,,,
sheesham-wood-5-seater-sofa-set,,,,,,,,,,,,,,,,,,,,,,,,,,,,,,,"",https://cdn.shopify.com/s/files/1/1027/3760/8885/files/61jOG0KX_PL._SL1500.jpg?v=1789199022,5,"",,,,,,,,,,,,,,,,,,,,,,,,,,,,,,,,,,,,,,,,,,,,,,,,,
sheesham-wood-5-seater-sofa-set,,,,,,,,,,,,,,,,,,,,,,,,,,,,,,,"",https://cdn.shopify.com/s/files/1/1027/3760/8885/files/71F4mp3SQ1L._SL1500.jpg?v=1789199043,6,"",,,,,,,,,,,,,,,,,,,,,,,,,,,,,,,,,,,,,,,,,,,,,,,,,
sheesham-wood-6-seater-sofa-set,Sheesham Wood 6 Seater Sofa Set - Oak Finish with Cushions,"<h4 class=""a-size-base-plus a-text-bold"">About this item</h4>
<ul class=""a-unordered-list a-vertical a-spacing-mini"">
<li class=""a-spacing-mini""><span class=""a-list-item""> Style Name: Asian; Item Shape: Rectangular; Seating Capacity: 6.0; Form Factor: Loveseat; Arm Style: Padded; Item Weight: 60.0 </span></li>
</ul>",Dew's Furniture,Furniture > Sofas > Loveseat Sofas,"","6 Seater Sofa, Living room, Oak finish, Sheesham wood, Sofa",true,Title,Default Title,,,,,,,,,0.0,shopify,100,deny,manual,30999.00,44999.00,true,true,,,,,"",https://cdn.shopify.com/s/files/1/1027/3760/8885/files/Lifestyle-View-1_67cacb0c-6db6-4b96-bd15-ad3d5f4b6ad7.jpg?v=1789202466,1,"",false,,,,B08L1D3F25,,Oak Finish,,,, 60 kg , 25 Inches ,,,,, Sheesham Wood , 75D x 185W x 55H Centimeters , 6.00 , 75 Centimeters , 55 Centimetres ,Asian,, Standard ,, 60 Kilograms , Style Name: Asian; Item Shape: Rectangular; Seating Capacity: 6.0; Form Factor: Loveseat; Arm Style: Padded; Item Weight: 60.0 ,,,oak,,,,,,beige,,,,,,,,,,kg,,,active
sheesham-wood-6-seater-sofa-set,,,,,,,,,,,,,,,,,,,,,,,,,,,,,,,"",https://cdn.shopify.com/s/files/1/1027/3760/8885/files/61-ByTkSvUL._SL1500.jpg?v=1789202310,2,"",,,,,,,,,,,,,,,,,,,,,,,,,,,,,,,,,,,,,,,,,,,,,,,,,
sheesham-wood-6-seater-sofa-set,,,,,,,,,,,,,,,,,,,,,,,,,,,,,,,"",https://cdn.shopify.com/s/files/1/1027/3760/8885/files/61ziBVyZAZL._SL1500.jpg?v=1789202309,3,"",,,,,,,,,,,,,,,,,,,,,,,,,,,,,,,,,,,,,,,,,,,,,,,,,
sheesham-wood-6-seater-sofa-set,,,,,,,,,,,,,,,,,,,,,,,,,,,,,,,"",https://cdn.shopify.com/s/files/1/1027/3760/8885/files/61hQlh1EJLL._SL1500.jpg?v=1789202347,4,"",,,,,,,,,,,,,,,,,,,,,,,,,,,,,,,,,,,,,,,,,,,,,,,,,
sheesham-wood-6-seater-sofa-set,,,,,,,,,,,,,,,,,,,,,,,,,,,,,,,"",https://cdn.shopify.com/s/files/1/1027/3760/8885/files/617YysVupzL._SL1500.jpg?v=1789202368,5,"",,,,,,,,,,,,,,,,,,,,,,,,,,,,,,,,,,,,,,,,,,,,,,,,,
sheesham-wood-6-seater-sofa-set,,,,,,,,,,,,,,,,,,,,,,,,,,,,,,,"",https://cdn.shopify.com/s/files/1/1027/3760/8885/files/61Y0XUBABUL._SL1500.jpg?v=1789202391,6,"",,,,,,,,,,,,,,,,,,,,,,,,,,,,,,,,,,,,,,,,,,,,,,,,,
sheesham-wood-6-seater-sofa-set-walnut-finish,Sheesham Wood 6 Seater Sofa Set – Walnut Finish,"<h4 class=""a-size-base-plus a-text-bold"">About this item</h4>
<ul class=""a-unordered-list a-vertical a-spacing-mini"">
<li class=""a-spacing-mini""><span class=""a-list-item""> Inner Dimensions: 3 Seater : Length 63 inch x Depth 24 inch, 2 Seater : Length 42 inch x Depth 24 inch, Single Seater : Length 21 inch x Depth 24 inch, Outer Dimensions (When assembled): 3 Seater : Length 71 inch x Depth 30 inch, 2 Seater : Length 50 inch x Depth 30 inch, Single Seater : Length 29 inch x Depth 30 inch, Seating Height : 16 inch </span></li>
<li class=""a-spacing-mini""><span class=""a-list-item""> Product Material: Sheesham Wood, Colour: Walnut Black Finish, Style: Contemporary, Seating Capacity: 6 Seater </span></li>
<li class=""a-spacing-mini""><span class=""a-list-item""> Warranty: The product comes with 10 Days Replacement and 12 Months warranty against any Damaged and Manufacturing Defects. </span></li>
<li class=""a-spacing-mini""><span class=""a-list-item""> This is a sofa set 6 seater for living room , sofas for living room 6 seater , sofa set for living room furniture , sofa 6 seater living room , sofa set for living room 6 seater , sofa set of 6 seater furniture </span></li>
<li class=""a-spacing-mini""><span class=""a-list-item""> The Sofa is a great addition to any home. With Luxury seats and a beautifully finished wood frame, you can't go wrong with this Sofa for living room. </span></li>
</ul>",Dew's Furniture,Furniture > Furniture Sets > Living Room Furniture Sets,"","6 Seater Sofa, Living room, Sheesham wood, Sofa, walnut",true,Title,Default Title,,,,,,,,,0.0,shopify,100,deny,manual,32799.00,40625.00,true,true,,,,,"",https://cdn.shopify.com/s/files/1/1027/3760/8885/files/Lifestyle-View-1_dc4afc62-7658-46b5-972f-a7aed5ba5955.jpg?v=1789203535,1,"",false,,,,B08L1CWH2D,,Walnut Finish,,Yes,, 55 kg , 25 Inches ,,,,,Sheesham Wood, 76D x 180W x 55H Centimeters , 6 , 76 Centimeters , 55 Centimetres ,Asian,, Standard ,, 60 Kilograms ,"Inner Dimensions: 3 Seater : Length 63 inch x Depth 24 inch, 2 Seater : Length 42 inch x Depth 24 inch, Single Seater : Length 21 inch x Depth 24 inch, Outer Dimensions (When assembled): 3 Seater : Length 71 inch x Depth 30 inch, 2 Seater : Length 50 inch x Depth 30 inch, Single Seater : Length 29 inch x Depth 30 inch, Seating Height : 16 inch ",,,,,walnut,,,,,,,walnut,,,,,,,kg,,,active
sheesham-wood-6-seater-sofa-set-walnut-finish,,,,,,,,,,,,,,,,,,,,,,,,,,,,,,,"",https://cdn.shopify.com/s/files/1/1027/3760/8885/files/61ir57AftDL._SL1500.jpg?v=1789203584,2,"",,,,,,,,,,,,,,,,,,,,,,,,,,,,,,,,,,,,,,,,,,,,,,,,,
sheesham-wood-6-seater-sofa-set-walnut-finish,,,,,,,,,,,,,,,,,,,,,,,,,,,,,,,"",https://cdn.shopify.com/s/files/1/1027/3760/8885/files/61mXJVcST7L._SL1500.jpg?v=1789203604,3,"",,,,,,,,,,,,,,,,,,,,,,,,,,,,,,,,,,,,,,,,,,,,,,,,,
sheesham-wood-6-seater-sofa-set-walnut-finish,,,,,,,,,,,,,,,,,,,,,,,,,,,,,,,"",https://cdn.shopify.com/s/files/1/1027/3760/8885/files/61tQbuYHO-L._SL1500.jpg?v=1789203624,4,"",,,,,,,,,,,,,,,,,,,,,,,,,,,,,,,,,,,,,,,,,,,,,,,,,
sheesham-wood-6-seater-sofa-set-walnut-finish,,,,,,,,,,,,,,,,,,,,,,,,,,,,,,,"",https://cdn.shopify.com/s/files/1/1027/3760/8885/files/61yPMMltMGL._SL1500.jpg?v=1789203675,5,"",,,,,,,,,,,,,,,,,,,,,,,,,,,,,,,,,,,,,,,,,,,,,,,,,
sheesham-wood-6-seater-sofa-walnut-brown,Sheesham Wood 6 Seater Sofa – Walnut Brown,"<h4 class=""a-size-base-plus a-text-bold"">About this item</h4>
<ul class=""a-unordered-list a-vertical a-spacing-mini"">
<li class=""a-spacing-mini""><span class=""a-list-item""> Dimension 3 Seater: Length 76 Inch x Width 31 Inch x Height 36 Inch, 2 Seater: Length 54 Inch x Width 31 Inch x Height 36 Inch, 1 Seater: Length 32 Inch x Width 31 Inch x Height 36 Inch </span></li>
<li class=""a-spacing-mini""><span class=""a-list-item""> Product Material: Sheesham Wood, Colour: Walnut Brown, Style: Contemporary, Seating Capacity: 6 Seater </span></li>
<li class=""a-spacing-mini""><span class=""a-list-item""> Warranty: The product comes with 10 Days Replacement and 12 Months warranty against any Damaged and Manufacturing Defects. </span></li>
<li class=""a-spacing-mini""><span class=""a-list-item""> The Sofa is a great addition to any home. With Luxury seats and a beautifully finished wood frame, you can't go wrong with this Sofa for living room. </span></li>
<li class=""a-spacing-mini""><span class=""a-list-item""> This is 6 Seater Sofa , Wooden sofa set furniture , sofa set for living room , sofa 3 2 1 set , solid wood sofa </span></li>
</ul>",Dew's Furniture,Furniture > Sofas > Sectional Sofas,"","6 Seater Sofa, Living room, Sheesham wood, Sofa, walnut",true,Title,Default Title,,,,,,,,,0.0,shopify,100,deny,manual,34999.00,42864.00,true,true,,,,,"",https://cdn.shopify.com/s/files/1/1027/3760/8885/files/Lifestyle-View-1_2edd8570-49d5-44ce-8268-5188d5788e81.jpg?v=1789204136,1,"",false,,,,B08L1B1P69,, Brown Walnut ,,,, 83 kg ,,,,,,Sheesham Wood, 76D x 182W x 55H Centimeters , 6 ,,, Asian ,, Standard ,,,"Dimension 3 Seater: Length 76 Inch x Width 31 Inch x Height 36 Inch, 2 Seater: Length 54 Inch x Width 31 Inch x Height 36 Inch, 1 Seater: Length 32 Inch x Width 31 Inch x Height 36 Inch ",,,,,,,,,,,,,,,,,,,kg,,,active
sheesham-wood-6-seater-sofa-walnut-brown,,,,,,,,,,,,,,,,,,,,,,,,,,,,,,,"",https://cdn.shopify.com/s/files/1/1027/3760/8885/files/61wi4xCEC2L._SL1500.jpg?v=1789204189,2,"",,,,,,,,,,,,,,,,,,,,,,,,,,,,,,,,,,,,,,,,,,,,,,,,,
sheesham-wood-6-seater-sofa-walnut-brown,,,,,,,,,,,,,,,,,,,,,,,,,,,,,,,"",https://cdn.shopify.com/s/files/1/1027/3760/8885/files/51o7KMyEorL._SL1500.jpg?v=1789204190,3,"",,,,,,,,,,,,,,,,,,,,,,,,,,,,,,,,,,,,,,,,,,,,,,,,,
sheesham-wood-6-seater-sofa-walnut-brown,,,,,,,,,,,,,,,,,,,,,,,,,,,,,,,"",https://cdn.shopify.com/s/files/1/1027/3760/8885/files/61RTeiPvK8L._SL1500.jpg?v=1789204212,4,"",,,,,,,,,,,,,,,,,,,,,,,,,,,,,,,,,,,,,,,,,,,,,,,,,
sheesham-wood-6-seater-sofa-walnut-brown,,,,,,,,,,,,,,,,,,,,,,,,,,,,,,,"",https://cdn.shopify.com/s/files/1/1027/3760/8885/files/DimensionView.png?v=1789204564,5,"",,,,,,,,,,,,,,,,,,,,,,,,,,,,,,,,,,,,,,,,,,,,,,,,,
sheesham-wood-6-seater-sofa-set-natural-brown,Sheesham Wood 6 Seater Sofa Set – Natural Brown,"<h4 class=""a-size-base-plus a-text-bold"">About this item</h4>
<ul class=""a-unordered-list a-vertical a-spacing-mini"">
<li class=""a-spacing-mini""><span class=""a-list-item""> Product Dimensions: 3 Seater : Length 63 inch x Depth 24 inch, 2 Seater : Length 42 inch x Depth 24 inch, Single Seater : Length 21 inch x Depth 24 inch, Outer Dimensions (When assembled): 3 Seater : Length 71 inch x Depth 30 inch, 2 Seater : Length 50 inch x Depth 30 inch, Single Seater : Length 29 inch x Depth 30 inch, Seating Height : 16 inch </span></li>
<li class=""a-spacing-mini""><span class=""a-list-item""> Primary Material: Sheesham Wood, Colour: Natural Brown Finish, Style: Contemporary, Seating Capacity: 6 Seater </span></li>
<li class=""a-spacing-mini""><span class=""a-list-item""> WARRANTY: The product comes with a 10 Day warranty against any manufacturing defects </span></li>
<li class=""a-spacing-mini""><span class=""a-list-item""> EXQUISITE DESIGN WITH GREAT PROTECTION: Give Your Home A Luxurious Look With Sheesham Wooden Sofa | Fits In Your Space, Fits On Your Budget. </span></li>
<li class=""a-spacing-mini""><span class=""a-list-item""> This is 6 Seater Sofa , Wooden sofa set furniture , sofa set for living room , sofa 3 2 1 set , solid wood sofa </span></li>
</ul>",Dew's Furniture,Furniture > Furniture Sets > Living Room Furniture Sets,"","6 Seater Sofa, Living room, Natural, Sheesham wood, Sofa",true,Title,Default Title,,,,,,,,,0.0,shopify,100,deny,manual,30999.00,41204.00,true,true,,,,,"",https://cdn.shopify.com/s/files/1/1027/3760/8885/files/Lifestyle-View-1_4fa4d8ce-af3e-470a-aa39-c3a0e1577164.jpg?v=1789205219,1,"",false,,,,B08L1CFJ9N,, Natural Brown Finish ,,,, 80 kg ,,,,,,Sheesham Wood, 30D x 72W x 22H Centimeters , 6.00 , 61 Centimeters ,, Asian ,, Sectional ,,," Product Dimensions: 3 Seater : Length 63 inch x Depth 24 inch, 2 Seater : Length 42 inch x Depth 24 inch, Single Seater : Length 21 inch x Depth 24 inch, Outer Dimensions (When assembled): 3 Seater : Length 71 inch x Depth 30 inch, 2 Seater : Length 50 inch x Depth 30 inch, Single Seater : Length 29 inch x Depth 30 inch, Seating Height : 16 inch ",,,,,,,,,,,,,,,,,,,kg,,,active
sheesham-wood-6-seater-sofa-set-natural-brown,,,,,,,,,,,,,,,,,,,,,,,,,,,,,,,"",https://cdn.shopify.com/s/files/1/1027/3760/8885/files/61Bi3RkZ7RL._SL1500.jpg?v=1789205039,2,"",,,,,,,,,,,,,,,,,,,,,,,,,,,,,,,,,,,,,,,,,,,,,,,,,
sheesham-wood-6-seater-sofa-set-natural-brown,,,,,,,,,,,,,,,,,,,,,,,,,,,,,,,"",https://cdn.shopify.com/s/files/1/1027/3760/8885/files/61-DYaQEtGL._SL1473.jpg?v=1789205053,3,"",,,,,,,,,,,,,,,,,,,,,,,,,,,,,,,,,,,,,,,,,,,,,,,,,
sheesham-wood-6-seater-sofa-set-natural-brown,,,,,,,,,,,,,,,,,,,,,,,,,,,,,,,"",https://cdn.shopify.com/s/files/1/1027/3760/8885/files/61mHWUCp93L._SL1500.jpg?v=1789205078,4,"",,,,,,,,,,,,,,,,,,,,,,,,,,,,,,,,,,,,,,,,,,,,,,,,,
sheesham-wood-6-seater-sofa-set-natural-brown,,,,,,,,,,,,,,,,,,,,,,,,,,,,,,,"",https://cdn.shopify.com/s/files/1/1027/3760/8885/files/71koXSTOyZL._SL1500.jpg?v=1789205122,5,"",,,,,,,,,,,,,,,,,,,,,,,,,,,,,,,,,,,,,,,,,,,,,,,,,
sheesham-wood-6-seater-sofa-set-natural-brown,,,,,,,,,,,,,,,,,,,,,,,,,,,,,,,"",https://cdn.shopify.com/s/files/1/1027/3760/8885/files/61j46mfQYqL._SL1473.jpg?v=1789205161,6,"",,,,,,,,,,,,,,,,,,,,,,,,,,,,,,,,,,,,,,,,,,,,,,,,,
sheesham-wood-bedside-table-brownsheesham-wood-bedside-table-brown,Sheesham Wood Storage Bedside End Table with 1 Drawer – Brown,"<h4 class=""a-size-base-plus a-text-bold"">About this item</h4>
<ul class=""a-unordered-list a-vertical a-spacing-mini"">
<li class=""a-spacing-mini""><span class=""a-list-item""> Product Dimensions: Length (20.8 IN) x Width (13.7 IN) x Height (20.8 IN) </span></li>
<li class=""a-spacing-mini""><span class=""a-list-item""> Primary Material: Solid Sheesham Wood </span></li>
<li class=""a-spacing-mini""><span class=""a-list-item""> 12 Month Warranty Against Any Manufacturing Defects </span></li>
<li class=""a-spacing-mini""><span class=""a-list-item""> Simple Stylish Design, Functional &amp; Suitable for Any Room | Offers Surface Storage, Side Table for Bedroom &amp; Living Room </span></li>
<li class=""a-spacing-mini""><span class=""a-list-item""> The Product Requires Basic Self Assembly At Customers End And Comes With Self Assembly Instructions Along With Necessary Accessories. </span></li>
</ul>",Dew's Furniture,Furniture > Tables > Nightstands,"","Bedside end table, brown, Drawer, Living room, rose-wood",true,Title,Default Title,,,,,,,,,0.0,shopify,100,deny,manual,5999.00,9199.00,true,true,,,,,"",https://cdn.shopify.com/s/files/1/1027/3760/8885/files/Lifestyle-View-1_3fc20520-a93d-4606-af89-260bb817e2fe.jpg?v=1789207367,1,"",false,,,,B08L1F8ZMG,, Brown Finish ,,,, 13 kg ,,,1,,, Rose Wood , 34.8D x 39.9W x 52.8H Centimeters ,, 34.798 centimeters ,, Modern ,, Sheesham ,,,,,,,,brown,,,,,,,,,,,,,,kg,,,active
sheesham-wood-bedside-table-brownsheesham-wood-bedside-table-brown,,,,,,,,,,,,,,,,,,,,,,,,,,,,,,,"",https://cdn.shopify.com/s/files/1/1027/3760/8885/files/41ULmC2pCtL.jpg?v=1789207417,2,"",,,,,,,,,,,,,,,,,,,,,,,,,,,,,,,,,,,,,,,,,,,,,,,,,
sheesham-wood-bedside-table-brownsheesham-wood-bedside-table-brown,,,,,,,,,,,,,,,,,,,,,,,,,,,,,,,"",https://cdn.shopify.com/s/files/1/1027/3760/8885/files/41QMwF6uyTL.jpg?v=1789207418,3,"",,,,,,,,,,,,,,,,,,,,,,,,,,,,,,,,,,,,,,,,,,,,,,,,,
sheesham-wood-bedside-table-natural,Sheesham Wood Storage Bedside End Table with 1 Drawer – Natural,"<h4 class=""a-size-base-plus a-text-bold"">About this item</h4>
<ul class=""a-unordered-list a-vertical a-spacing-mini"">
<li class=""a-spacing-mini""><span class=""a-list-item""> Product Dimensions: Length (20 Inch) x Width (12 Inch) x Height (17.3 Inch) </span></li>
<li class=""a-spacing-mini""><span class=""a-list-item""> Product Material: Sheesham Wood, Style: Contemporary </span></li>
<li class=""a-spacing-mini""><span class=""a-list-item""> The product comes with 10 Days Replacement and 12 Months warranty against any Damaged and Manufacturing Defects. </span></li>
<li class=""a-spacing-mini""><span class=""a-list-item""> This side table will meet your storage needs and is perfect for the bedroom, living room, hall or anywhere you need a storage solution. This product is easy to assemble. Step by step instruction sheet and fixing components are attached with this product package. If you wish you can opt for the carpenter. Any doubts we will send demo videos. </span></li>
<li class=""a-spacing-mini""><span class=""a-list-item""> The Product Requires Basic Self Assembly At Customers End And Comes With Self Assembly Instructions Along With Necessary Accessories. </span></li>
</ul>",Dew's Furniture,Furniture > Tables > Nightstands,"","Bedside end table, Drawer, Living room, Natural, Nightstand, Sheesham wood",true,Title,Default Title,,,,,,,,,0.0,shopify,100,deny,manual,3999.00,8999.00,true,true,,,,,"",https://cdn.shopify.com/s/files/1/1027/3760/8885/files/Lifestyle-View-1_5d825823-6c03-4eef-81ab-72be8ea81717.jpg?v=1789208172,1,"",false,,,,B08L1DJ5K4,, Natural Finish ,,,, 13 kg ,,,1,,, Sheesham Wood , 35D x 45W x 53H Centimeters ,,,, Modern ,,Modern,,," Product Dimensions: Length (20 Inch) x Width (12 Inch) x Height (17.3 Inch) Product Material: Sheesham Wood, Style: Contemporary ",,,,,natural-brown,,,,,,,,,,,,,,kg,,,active
sheesham-wood-bedside-table-natural,,,,,,,,,,,,,,,,,,,,,,,,,,,,,,,"",https://cdn.shopify.com/s/files/1/1027/3760/8885/files/71eO0E9nqAL._SL1500.jpg?v=1789208212,2,"",,,,,,,,,,,,,,,,,,,,,,,,,,,,,,,,,,,,,,,,,,,,,,,,,
sheesham-wood-bedside-table-natural,,,,,,,,,,,,,,,,,,,,,,,,,,,,,,,"",https://cdn.shopify.com/s/files/1/1027/3760/8885/files/61smlyZOUkL._SL1500.jpg?v=1789208213,3,"",,,,,,,,,,,,,,,,,,,,,,,,,,,,,,,,,,,,,,,,,,,,,,,,,
sheesham-wood-bedside-table-natural,,,,,,,,,,,,,,,,,,,,,,,,,,,,,,,"",https://cdn.shopify.com/s/files/1/1027/3760/8885/files/61yTsGVPl5L._SL1500.jpg?v=1789208233,4,"",,,,,,,,,,,,,,,,,,,,,,,,,,,,,,,,,,,,,,,,,,,,,,,,,
sheesham-wood-bedside-table-natural,,,,,,,,,,,,,,,,,,,,,,,,,,,,,,,"",https://cdn.shopify.com/s/files/1/1027/3760/8885/files/61DIXydCkKL._SL1500.jpg?v=1789208253,5,"",,,,,,,,,,,,,,,,,,,,,,,,,,,,,,,,,,,,,,,,,,,,,,,,,
sheesham-wood-bedside-table-natural,,,,,,,,,,,,,,,,,,,,,,,,,,,,,,,"",https://cdn.shopify.com/s/files/1/1027/3760/8885/files/6144KKMuW6L._SL1500.jpg?v=1789208279,6,"",,,,,,,,,,,,,,,,,,,,,,,,,,,,,,,,,,,,,,,,,,,,,,,,,
solid-wood-bedside-table-brown,Solid Wood Bedside End Table with Drawer and Storage  – Brown,"<h4 class=""a-size-base-plus a-text-bold"">About this item</h4>
<ul class=""a-unordered-list a-vertical a-spacing-mini"">
<li class=""a-spacing-mini""><span class=""a-list-item""> Product Dimensions: End Table Height: (40 cm), Length: (40 cm), Width: (30 cm) </span></li>
<li class=""a-spacing-mini""><span class=""a-list-item""> Product Material: Sheesham Wood, Colour: Brown finish, Style: Contemporary </span></li>
<li class=""a-spacing-mini""><span class=""a-list-item""> The product comes with 10 Days Replacement and 12 Months warranty against any Damaged and Manufacturing Defects. </span></li>
<li class=""a-spacing-mini""><span class=""a-list-item""> This side table will meet your storage needs and is perfect for the bedroom, living room, hall or anywhere you need a storage solution. This product is easy to assemble. Step by step instruction sheet and fixing components are attached with this product package. If you wish you can opt for the carpenter. Any doubts we will send demo videos. </span></li>
<li class=""a-spacing-mini""><span class=""a-list-item""> The Product Requires Basic Self Assembly At Customers End And Comes With Self Assembly Instructions Along With Necessary Accessories. </span></li>
</ul>",Dew's Furniture,Furniture > Tables > Nightstands,"","Bedside end table, brown, Drawer, Living room, Sheesham wood",true,Title,Default Title,,,,,,,,,0.0,shopify,100,deny,manual,9246.00,13733.00,true,true,,,,,"",https://cdn.shopify.com/s/files/1/1027/3760/8885/files/Lifestyle-View-2.png?v=1789209684,1,"",false,,,,B08L1D12RQ,, Brown Finish ,,,, 8 kg ,,,,,, Sheesham Wood , 30D x 40W x 40H Centimeters ,,,, Modern ,,Modern,,," Product Dimensions: End Table Height: (40 cm), Length: (40 cm), Width: (30 cm) Product Material: Sheesham Wood, Colour: Brown finish, Style: Contemporary ",,,,,brown,,,,,,,,,,,,,,kg,,,active
solid-wood-bedside-table-brown,,,,,,,,,,,,,,,,,,,,,,,,,,,,,,,"",https://cdn.shopify.com/s/files/1/1027/3760/8885/files/41GRXgI-XDL.jpg?v=1789209695,2,"",,,,,,,,,,,,,,,,,,,,,,,,,,,,,,,,,,,,,,,,,,,,,,,,,
solid-wood-bedside-table-brown,,,,,,,,,,,,,,,,,,,,,,,,,,,,,,,"",https://cdn.shopify.com/s/files/1/1027/3760/8885/files/71RObMLNytL._SL1376.jpg?v=1789209711,3,"",,,,,,,,,,,,,,,,,,,,,,,,,,,,,,,,,,,,,,,,,,,,,,,,,
solid-wood-bedside-table-brown,,,,,,,,,,,,,,,,,,,,,,,,,,,,,,,"",https://cdn.shopify.com/s/files/1/1027/3760/8885/files/71I24NrQkuL._SL1200.jpg?v=1789209729,4,"",,,,,,,,,,,,,,,,,,,,,,,,,,,,,,,,,,,,,,,,,,,,,,,,,
wooden-bedside-end-table-2-drawers,Wooden Bedside End Table – 2 Drawers,"<h4 class=""a-size-base-plus a-text-bold"">About this item</h4>
<ul class=""a-unordered-list a-vertical a-spacing-mini"">
<li class=""a-spacing-mini""><span class=""a-list-item""> Product Dimensions: End Table Height: (21.5 IN), Length; (17.5 IN), Width: (13.5 IN) </span></li>
<li class=""a-spacing-mini""><span class=""a-list-item""> Product Material: Sheesham Wood, Colour: Brown finish, Style: Contemporary </span></li>
<li class=""a-spacing-mini""><span class=""a-list-item""> The product comes with 10 Days Replacement and 12 Months warranty against any Damaged and Manufacturing Defects. </span></li>
<li class=""a-spacing-mini""><span class=""a-list-item""> Any differentiation in color is part of the natural occurrence and any irregularities in the wood is its inherent characteristic. Wood generally moves with changes of atmosphere and room temperature, some movement of the wood is natural &amp; should be expected, this should not be taken as defect. </span></li>
<li class=""a-spacing-mini""><span class=""a-list-item""> The Product Requires Basic Self Assembly At Customers End And Comes With Self Assembly Instructions Along With Necessary Accessories. </span></li>
</ul>",Dew's Furniture,Furniture > Tables > Nightstands,"","Bedside end table, brown, Drawer, Living room, Nightstand, rose-wood",true,Title,Default Title,,,,,,,,,0.0,shopify,100,deny,manual,4044.00,9248.00,true,true,,,,,"",https://cdn.shopify.com/s/files/1/1027/3760/8885/files/71MIzSC1F0L._SL1200.jpg?v=1789209835,1,"",false,,,,B08L1CWSCL,, Brown ,,,, 9 kg ,,,2,,, Rose Wood , 44.5D x 34.3W x 54.6H Centimeters ,,,, Modern ,,,,," Product Dimensions: End Table Height: (21.5 IN), Length; (17.5 IN), Width: (13.5 IN) Product Material: Sheesham Wood, Colour: Brown finish, Style: Contemporary ",,,,,brown,,,,,,,,,,,,,,kg,,,active
wooden-bedside-end-table-2-drawers,,,,,,,,,,,,,,,,,,,,,,,,,,,,,,,"",https://cdn.shopify.com/s/files/1/1027/3760/8885/files/61XaH78qjsL._SL1200.jpg?v=1789209892,2,"",,,,,,,,,,,,,,,,,,,,,,,,,,,,,,,,,,,,,,,,,,,,,,,,,
wooden-bedside-end-table-2-drawers,,,,,,,,,,,,,,,,,,,,,,,,,,,,,,,"",https://cdn.shopify.com/s/files/1/1027/3760/8885/files/61onj1v5g6L._SL1200.jpg?v=1789209911,3,"",,,,,,,,,,,,,,,,,,,,,,,,,,,,,,,,,,,,,,,,,,,,,,,,,
wooden-bedside-end-table-2-drawers,,,,,,,,,,,,,,,,,,,,,,,,,,,,,,,"",https://cdn.shopify.com/s/files/1/1027/3760/8885/files/71X0ssQslYL._SL1500.jpg?v=1789209948,4,"",,,,,,,,,,,,,,,,,,,,,,,,,,,,,,,,,,,,,,,,,,,,,,,,,
wooden-bedside-end-table-2-drawers,,,,,,,,,,,,,,,,,,,,,,,,,,,,,,,"",https://cdn.shopify.com/s/files/1/1027/3760/8885/files/71mUD3XZUTL._SL1200.jpg?v=1789209951,5,"",,,,,,,,,,,,,,,,,,,,,,,,,,,,,,,,,,,,,,,,,,,,,,,,,
wooden-bedside-end-table-2-drawers,,,,,,,,,,,,,,,,,,,,,,,,,,,,,,,"",https://cdn.shopify.com/s/files/1/1027/3760/8885/files/DimensionView-2.png?v=1789210090,6,"",,,,,,,,,,,,,,,,,,,,,,,,,,,,,,,,,,,,,,,,,,,,,,,,,
sheesham-wood-jali-coffee-table-natural,Sheesham Wood Jali Coffee Table – Natural,"<h2 class=""a-size-base-plus a-text-bold"">About this item</h2>
<ul class=""a-unordered-list a-vertical a-spacing-mini"">
<li class=""a-spacing-mini""><span class=""a-list-item""> PREMIUM QUALITY PRODUCT : Dews Furniture is a brand known to create premium quality designer curated products at customer friendly prices. </span></li>
<li class=""a-spacing-mini""><span class=""a-list-item""> DESIGN AESTHETIC: Japanese-inspired low coffee table featuring elegant rattan mesh sides and a rich walnut brown finish for a sophisticated oriental look </span></li>
<li class=""a-spacing-mini""><span class=""a-list-item""> PREMIUM MATERIALS: Crafted from solid wood with traditional rattan weaving on the sides, ensuring both durability and visual appeal </span></li>
<li class=""a-spacing-mini""><span class=""a-list-item""> VERSATILE USE: Perfect for traditional tatami rooms, modern living spaces, or as a stylish tea table for cultural ceremonies </span></li>
<li class=""a-spacing-mini""><span class=""a-list-item""> COMPACT DIMENSIONS: Low-profile design makes it ideal for intimate seating arrangements while maintaining ample surface area for daily use </span></li>
<li class=""a-spacing-mini""><span class=""a-list-item""> Product Dimensions: 51D x 100W x 45H Centimeters </span></li>
</ul>",Dew's Furniture,Furniture > Tables > Accent Tables > Coffee Tables,"","brown, Coffee Table, Living room, rose-wood, Table",true,Style Name,Casual,,,,,,,,,0.0,shopify,100,deny,manual,14699.00,18999.00,true,true,,,,,"",https://cdn.shopify.com/s/files/1/1027/3760/8885/files/Lifestyle-View-1_ff8c6239-8123-4496-8266-8b9b9a6f29fe.jpg?v=1789210676,1,"",false,,,,B0983CYB2Z,, Brown ,,,, 10 kg ,,,,,, Rose Wood , 51D x 100W x 45H Centimeters ,,,,Casual,,Coffee Table,,, PREMIUM QUALITY PRODUCT : Dews Furniture is a brand known to create premium quality designer curated products at customer friendly prices. DESIGN AESTHETIC: Japanese-inspired low coffee table featuring elegant rattan mesh sides and a rich walnut brown finish for a sophisticated oriental look ,,,,,,,,,,,,,lacquered-varnished,,,,,https://cdn.shopify.com/s/files/1/1027/3760/8885/files/Lifestyle-View-1_ff8c6239-8123-4496-8266-8b9b9a6f29fe.jpg?v=1789210676,kg,,,active
sheesham-wood-jali-coffee-table-natural,,,,,,,,,Art Deco,,,,,,,,,0.0,shopify,100,deny,manual,10299.00,18999.00,true,true,,,,,"",https://cdn.shopify.com/s/files/1/1027/3760/8885/files/DimensionView_d6f2f763-61f8-47a9-b0b3-483fd682d534.png?v=1789210750,2,"",,,,,,,,,,,,,,,,,,,,,,,,,,,,,,,,,,,,,,,,,,,,,https://cdn.shopify.com/s/files/1/1027/3760/8885/files/81OVDoOkU1L._SL1500.jpg?v=1789229059,kg,,,
sheesham-wood-jali-coffee-table-natural,,,,,,,,,Classic,,,,,,,,,0.0,shopify,100,deny,manual,14699.00,18999.00,true,true,,,,,"",https://cdn.shopify.com/s/files/1/1027/3760/8885/files/81OVDoOkU1L._SL1500.jpg?v=1789229059,3,"",,,,,,,,,,,,,,,,,,,,,,,,,,,,,,,,,,,,,,,,,,,,,https://cdn.shopify.com/s/files/1/1027/3760/8885/files/51iUru7wcUL.jpg?v=1789229059,kg,,,
sheesham-wood-jali-coffee-table-natural,,,,,,,,,Mid-Century Modern,,,,,,,,,0.0,shopify,100,deny,manual,9999.00,18999.00,true,true,,,,,"",https://cdn.shopify.com/s/files/1/1027/3760/8885/files/61RDgtyI6GL._SL1500.jpg?v=1789229059,4,"",,,,,,,,,,,,,,,,,,,,,,,,,,,,,,,,,,,,,,,,,,,,,https://cdn.shopify.com/s/files/1/1027/3760/8885/files/81YsZdj9m2L._SL1500.jpg?v=1789229059,kg,,,
sheesham-wood-jali-coffee-table-natural,,,,,,,,,,,,,,,,,,,,,,,,,,,,,,,"",https://cdn.shopify.com/s/files/1/1027/3760/8885/files/61kBD-818FL._SL1500.jpg?v=1789229059,5,"",,,,,,,,,,,,,,,,,,,,,,,,,,,,,,,,,,,,,,,,,,,,,,,,,
sheesham-wood-jali-coffee-table-natural,,,,,,,,,,,,,,,,,,,,,,,,,,,,,,,"",https://cdn.shopify.com/s/files/1/1027/3760/8885/files/61VvdrUqAuL._SL1500.jpg?v=1789229059,6,"",,,,,,,,,,,,,,,,,,,,,,,,,,,,,,,,,,,,,,,,,,,,,,,,,
sheesham-wood-jali-coffee-table-natural,,,,,,,,,,,,,,,,,,,,,,,,,,,,,,,"",https://cdn.shopify.com/s/files/1/1027/3760/8885/files/51iUru7wcUL.jpg?v=1789229059,7,"",,,,,,,,,,,,,,,,,,,,,,,,,,,,,,,,,,,,,,,,,,,,,,,,,
sheesham-wood-jali-coffee-table-natural,,,,,,,,,,,,,,,,,,,,,,,,,,,,,,,"",https://cdn.shopify.com/s/files/1/1027/3760/8885/files/81YsZdj9m2L._SL1500.jpg?v=1789229059,8,"",,,,,,,,,,,,,,,,,,,,,,,,,,,,,,,,,,,,,,,,,,,,,,,,,
sheesham-wood-jali-coffee-table-natural,,,,,,,,,,,,,,,,,,,,,,,,,,,,,,,"",https://cdn.shopify.com/s/files/1/1027/3760/8885/files/61ppw8KTPJL._SL1500.jpg?v=1789229059,9,"",,,,,,,,,,,,,,,,,,,,,,,,,,,,,,,,,,,,,,,,,,,,,,,,,
sheesham-wood-jali-coffee-table-natural,,,,,,,,,,,,,,,,,,,,,,,,,,,,,,,"",https://cdn.shopify.com/s/files/1/1027/3760/8885/files/6155W_QkaVL._SL1500.jpg?v=1789229059,10,"",,,,,,,,,,,,,,,,,,,,,,,,,,,,,,,,,,,,,,,,,,,,,,,,,
sheesham-wood-jali-coffee-table-natural,,,,,,,,,,,,,,,,,,,,,,,,,,,,,,,"",https://cdn.shopify.com/s/files/1/1027/3760/8885/files/71eEl6nQeKL._SL1500.jpg?v=1789229059,11,"",,,,,,,,,,,,,,,,,,,,,,,,,,,,,,,,,,,,,,,,,,,,,,,,,
sheesham-wood-round-coffee-table-set-honey,Sheesham Wood Round Coffee Table Set – Honey,"<ul>
<li class=""a-spacing-mini""><span class=""a-list-item""> Product Dimension: Table- L 17.7in x B 17.7in x H 23in I Chair- L 16in x B 20.5in x H 33.5in </span></li>
<li class=""a-spacing-mini""><span class=""a-list-item""> Product Material: Sheesham Wood Color: Honey Finish I Style: Modern </span></li>
<li class=""a-spacing-mini""><span class=""a-list-item""> Give Your Home A Luxurious Look With Solid wood Chair | Fits in your space, fits on your budget </span></li>
<li class=""a-spacing-mini""><span class=""a-list-item""> This is the good quality Chair Over 30 tests conducted to ensure the quality. </span></li>
<li class=""a-spacing-mini""><span class=""a-list-item""> No Assembly Required: The product is delivered in a pre-assembled state </span></li>
</ul>",Dew's Furniture,Furniture > Tables > Accent Tables > Coffee Tables,"","Coffee Table, Honey, Living room, Sheesham wood, Table",true,Title,Default Title,,,,,,,,,0.0,shopify,100,deny,manual,13999.00,32257.00,true,true,,,,,"",https://cdn.shopify.com/s/files/1/1027/3760/8885/files/Lifestyle-View-1_f10b4971-0c24-4724-bf81-7839c04d301f.jpg?v=1789212082,1,"",false,,,,B0983DC8R5,,Brown,,,, 70 kg ,,,,,,,L 17.7in x B 17.7in x H 23in,,,, Modern ,,,,, Product Dimension: Table- L 17.7in x B 17.7in x H 23in I Chair- L 16in x B 20.5in x H 33.5in Product Material: Sheesham Wood Color: Honey Finish I Style: Modern ,,,,,,,,,,,,,lacquered-varnished,,,,,,kg,,,active
sheesham-wood-round-coffee-table-set-honey,,,,,,,,,,,,,,,,,,,,,,,,,,,,,,,"",https://cdn.shopify.com/s/files/1/1027/3760/8885/files/DimensionView_93cc05f6-7b94-4ff7-bedb-7c7791cf2ba6.png?v=1789212136,2,"",,,,,,,,,,,,,,,,,,,,,,,,,,,,,,,,,,,,,,,,,,,,,,,,,
sheesham-wood-square-coffee-table-walnut,Sheesham Wood Square Coffee Table – Walnut,"<ul>
<li class=""a-spacing-mini""><span class=""a-list-item""> Product Dimension: Table- L 22.8in x B 22.8in x H 24.8in I Chair- L 19.7in x B 16.5in x H 33in </span></li>
<li class=""a-spacing-mini""><span class=""a-list-item""> Product Material: Sheesham Wood Color : Walnut Finish Style : Contemporary </span></li>
<li class=""a-spacing-mini""><span class=""a-list-item""> The product comes with 10 Days Replacement and 12 Months warranty against any Damaged and Manufacturing Defects </span></li>
<li class=""a-spacing-mini""><span class=""a-list-item""> Patio Table Set is made from High Quality Sheesham Wood to ensure the Durability &amp; Features in space saving, elegant, beliving that it will bring you much convenience no matter when you are reading or surfing on-line. </span></li>
<li class=""a-spacing-mini""><span class=""a-list-item""> No Assembly Required: The product is delivered in a pre-assembled state </span></li>
</ul>",Dew's Furniture,Furniture > Outdoor Furniture > Outdoor Tables > Coffee Tables,"","Coffee Table, Living room, Sheesham wood, Table, walnut",true,Title,Default Title,,,,,,,,,0.0,shopify,100,deny,manual,6111.00,10811.00,true,true,,,,,"",https://cdn.shopify.com/s/files/1/1027/3760/8885/files/Lifestyle-View-1_0577cdb0-8ed1-4b38-a810-61f9debec8fd.jpg?v=1789212515,1,"",false,,,,B0983GJ2YG,, Walnut Finish ,,,, 70 kg,,,,,,Sheesham Wood,L 22.8in x B 22.8in x H 24.8in ,,,,  Contemporary ,,,,, Product Dimension: Table- L 22.8in x B 22.8in x H 24.8in I Chair- L 19.7in x B 16.5in x H 33in Product Material: Sheesham Wood Color : Walnut Finish Style : Contemporary ,,,,walnut,,,,,,,,,lacquered-varnished,,,,,,kg,,,active
sheesham-wood-square-coffee-table-walnut,,,,,,,,,,,,,,,,,,,,,,,,,,,,,,,"",https://cdn.shopify.com/s/files/1/1027/3760/8885/files/61TK9Lb0l5L._SL1066.jpg?v=1789212460,2,"",,,,,,,,,,,,,,,,,,,,,,,,,,,,,,,,,,,,,,,,,,,,,,,,,
sheesham-wood-square-coffee-table-walnut,,,,,,,,,,,,,,,,,,,,,,,,,,,,,,,"",https://cdn.shopify.com/s/files/1/1027/3760/8885/files/DimensionView_bcf4ce34-6a84-48f3-97bc-f95611c16c9f.png?v=1789212566,3,"",,,,,,,,,,,,,,,,,,,,,,,,,,,,,,,,,,,,,,,,,,,,,,,,,
solid-sheesham-wood-round-coffee-table-natural,Solid Sheesham Wood Round Coffee Table – Natural Teak Finish,"<h2 class=""a-size-base-plus a-text-bold"">About this item</h2>
<ul class=""a-unordered-list a-vertical a-spacing-mini"">
<li class=""a-spacing-mini""><span class=""a-list-item""> Product Dimension: Table- L 30in x B 30in x H 13in </span></li>
<li class=""a-spacing-mini""><span class=""a-list-item""> Product Material:- Sheesham Wood, Color: Natural Teak Finish, Style: Contemporary </span></li>
<li class=""a-spacing-mini""><span class=""a-list-item""> The product requires basic self assembly at customers end and comes with necessary accessories. </span></li>
<li class=""a-spacing-mini""><span class=""a-list-item""> A Stylish And Elegant Touch To Your Home, Dining Room, Kitchen, Bedroom and Living Room. </span></li>
<li class=""a-spacing-mini""><span class=""a-list-item""> Give Your Home A Luxurious Look With Solid wood table | Fits in your space, fits on your budget </span></li>
</ul>",Dew's Furniture,Furniture > Tables > Accent Tables > Coffee Tables,"","Coffee Table, Living room, Natural, Sheesham wood, Table",true,Title,Default Title,,,,,,,,,0.0,shopify,100,deny,manual,5499.00,11028.00,true,true,,,,,"",https://cdn.shopify.com/s/files/1/1027/3760/8885/files/Lifestyle-View-1_d717f9c7-7e2f-4bd4-8f14-03afd6c00b99.jpg?v=1789213366,1,"",false,,,,B0983C2F9K,,Natural Teak Finish  ,,,, 10 kg ,,,,,, Rose Wood , 78D x 78W x 35H Centimeters ,,,, Contemporary ,,,,," Product Dimension: Table- L 30in x B 30in x H 13in Product Material:- Sheesham Wood, Color: Natural Teak Finish, Style: Contemporary ",,,,,,,,,,,,,untreated-natural,,,,,,kg,,,active
solid-sheesham-wood-round-coffee-table-natural,,,,,,,,,,,,,,,,,,,,,,,,,,,,,,,"",https://cdn.shopify.com/s/files/1/1027/3760/8885/files/61g7O20ECKL._SL1500.jpg?v=1789213114,2,"",,,,,,,,,,,,,,,,,,,,,,,,,,,,,,,,,,,,,,,,,,,,,,,,,
solid-sheesham-wood-round-coffee-table-natural,,,,,,,,,,,,,,,,,,,,,,,,,,,,,,,"",https://cdn.shopify.com/s/files/1/1027/3760/8885/files/71j55-hRBlL._SL1434.jpg?v=1789213487,3,"",,,,,,,,,,,,,,,,,,,,,,,,,,,,,,,,,,,,,,,,,,,,,,,,,
solid-sheesham-wood-round-coffee-table-natural,,,,,,,,,,,,,,,,,,,,,,,,,,,,,,,"",https://cdn.shopify.com/s/files/1/1027/3760/8885/files/41wjGBd8YNL.jpg?v=1789213515,4,"",,,,,,,,,,,,,,,,,,,,,,,,,,,,,,,,,,,,,,,,,,,,,,,,,
square-folding-coffee-table-natural-brown,Square Folding Coffee Table – Natural Brown,"<h4 class=""a-size-base-plus a-text-bold"">About this item</h4>
<ul class=""a-unordered-list a-vertical a-spacing-mini"">
<li class=""a-spacing-mini""><span class=""a-list-item""> Product Dimension: Table- L 22in x B 22in x H 24in </span></li>
<li class=""a-spacing-mini""><span class=""a-list-item""> Product Material:- Sheesham Wood, Color: Natural Brown Teak Finish, Style: Contemporary </span></li>
<li class=""a-spacing-mini""><span class=""a-list-item""> The product comes with 10 Days Replacement and 12 Months warranty against any Damaged and Manufacturing Defects </span></li>
<li class=""a-spacing-mini""><span class=""a-list-item""> This splendid style of wooden coffee table create a beautiful impression with perception of modernization </span></li>
<li class=""a-spacing-mini""><span class=""a-list-item""> No Assembly Required: The product is delivered in a pre-assembled state </span></li>
</ul>",Dew's Furniture,Furniture > Tables > Accent Tables > Coffee Tables,"","brown, Coffee Table, Living room, Natural, Sheesham wood, Table",true,Title,Default Title,,,,,,,,,0.0,shopify,100,deny,manual,3199.00,9558.00,true,true,,,,,"",https://cdn.shopify.com/s/files/1/1027/3760/8885/files/Lifestyle-View-1_1a718961-f1fd-4347-bda0-a499bac5e62f.jpg?v=1789214263,1,"",false,,,,B0983C7THG,, Brown ,,,, 10 kg ,,,,,, Rose Wood ,L 22in x B 22in x H 24in ,,,,Contemporary,, Polished ,,," Product Dimension: Table- L 22in x B 22in x H 24in Product Material:- Sheesham Wood, Color: Natural Brown Teak Finish, Style: Contemporary ",,,,,,,,,,,natural-brown,,lacquered-varnished,,,,,,kg,,,active
square-folding-coffee-table-natural-brown,,,,,,,,,,,,,,,,,,,,,,,,,,,,,,,"",https://cdn.shopify.com/s/files/1/1027/3760/8885/files/71ikEL0Db3L._SX679.jpg?v=1789214212,2,"",,,,,,,,,,,,,,,,,,,,,,,,,,,,,,,,,,,,,,,,,,,,,,,,,
square-folding-coffee-table-natural-brown,,,,,,,,,,,,,,,,,,,,,,,,,,,,,,,"",https://cdn.shopify.com/s/files/1/1027/3760/8885/files/DimensionView_f3c3afc1-3d01-4f9a-81d4-f228182960c0.png?v=1789214362,3,"",,,,,,,,,,,,,,,,,,,,,,,,,,,,,,,,,,,,,,,,,,,,,,,,,
solid-sheesham-wood-4-seater-dining-table,Solid Sheesham Wood 4 Seater Dining Table -Teak Finish,"<h4 class=""a-size-base-plus a-text-bold"">About this item</h4>
<ul class=""a-unordered-list a-vertical a-spacing-mini"">
<li class=""a-spacing-mini""><span class=""a-list-item""> Dimensions:- Table: Length 39 Inch x Width 39 Inch x Height 30 Inch, Chair: Length 17 Inch x Width 17 Inch x Height 39 Inch </span></li>
<li class=""a-spacing-mini""><span class=""a-list-item""> .Primary Material: Sheesham Wood Product Material: Sheesham Wood, Seating Capacity: 4 Seat Colour:(1. Teak Finish), 3. Material : Sheesham Wood | Chair Assembly - Pre-assemble -Not Required , Table Assembly - Required </span></li>
<li class=""a-spacing-mini""><span class=""a-list-item""> Warranty: The product comes with 10 Days Replacement and 12 Months warranty against any Damaged and Manufacturing Defects. </span></li>
<li class=""a-spacing-mini""><span class=""a-list-item""> These dining chairs are a great addition to any home. With Luxury seats and a beautifully finished wood frame, you can't go wrong with these dining table set. These simple yet elegant dining table set are sure to impress. </span></li>
<li class=""a-spacing-mini""><span class=""a-list-item""> The Product Requires Basic Self Assembly At Customers End And Comes With Self Assembly Instructions Along With Necessary Accessories. Also can book a Free of Cost Assembly service by using the link </span></li>
</ul>",Dew's Furniture,Furniture > Furniture Sets > Kitchen & Dining Furniture Sets,"","4 Seater Dining Table, brown, chair, Dining Table, dining-room, Sheesham wood, Table",true,Title,Default Title,,,,,,,,,0.0,shopify,100,deny,manual,23054.00,29267.00,true,true,,,,,"",https://cdn.shopify.com/s/files/1/1027/3760/8885/files/81C0gLK2irL._SL1500.jpg?v=1789214491,1,"",false,,,Length 17 Inch x Width 17 Inch x Height 39 Inch,B08LGR9MHN,, Brown ,,,, 72 kg ,,,,,,Sheesham Wood, 99.1 x 99.1 x 76.2 Centimeters ,4 Seat,,,Modern,,,,," Dimensions:- Table: Length 39 Inch x Width 39 Inch x Height 30 Inch, Chair: Length 17 Inch x Width 17 Inch x Height 39 Inch .Primary Material: Sheesham Wood Product Material: Sheesham Wood, Seating Capacity: 4 Seat Colour:(1. Teak Finish), 3. Material : Sheesham Wood | Chair Assembly - Pre-assemble -Not Required , Table Assembly - Required ",,,,brown; teak,,,,,,,,,,,,,,,kg,,,active
solid-sheesham-wood-4-seater-dining-table,,,,,,,,,,,,,,,,,,,,,,,,,,,,,,,"",https://cdn.shopify.com/s/files/1/1027/3760/8885/files/71djiTnzgfL._SL1500.jpg?v=1789214513,2,"",,,,,,,,,,,,,,,,,,,,,,,,,,,,,,,,,,,,,,,,,,,,,,,,,
solid-sheesham-wood-4-seater-dining-table,,,,,,,,,,,,,,,,,,,,,,,,,,,,,,,"",https://cdn.shopify.com/s/files/1/1027/3760/8885/files/61ZdsyXMvrL._SL1500.jpg?v=1789214500,3,"",,,,,,,,,,,,,,,,,,,,,,,,,,,,,,,,,,,,,,,,,,,,,,,,,
solid-sheesham-wood-4-seater-dining-table,,,,,,,,,,,,,,,,,,,,,,,,,,,,,,,"",https://cdn.shopify.com/s/files/1/1027/3760/8885/files/61rfUPszLBL._SL1500.jpg?v=1789214533,4,"",,,,,,,,,,,,,,,,,,,,,,,,,,,,,,,,,,,,,,,,,,,,,,,,,
solid-sheesham-wood-4-seater-dining-table,,,,,,,,,,,,,,,,,,,,,,,,,,,,,,,"",https://cdn.shopify.com/s/files/1/1027/3760/8885/files/61jAUvRTJjL._SL1500.jpg?v=1789214544,5,"",,,,,,,,,,,,,,,,,,,,,,,,,,,,,,,,,,,,,,,,,,,,,,,,,
sheesham-wood-study-table-teak-finish,Sheesham Wood Study Table with 2 Drawers Storage – Teak Finish,"<h4 class=""a-size-base-plus a-text-bold"">About this item</h4>
<ul class=""a-unordered-list a-vertical a-spacing-mini"">
<li class=""a-spacing-mini""><span class=""a-list-item""> Product Dimension: L 120 cm x 40 cm x H 76 cm </span></li>
<li class=""a-spacing-mini""><span class=""a-list-item""> Product Material: Sheesham Wood, Colour: Teak finish, Style: Contemporary </span></li>
<li class=""a-spacing-mini""><span class=""a-list-item""> The product comes with 10 Days Replacement and 12 Months warranty against any Damaged and Manufacturing Defects </span></li>
<li class=""a-spacing-mini""><span class=""a-list-item""> We Provide The Best Quality Products. Every Product Goes Through A Tough Quality Check To Ensure That We Can Serve Our Best Way. Only Made In India Products. </span></li>
<li class=""a-spacing-mini""><span class=""a-list-item""> The product requires basic self assembly at customers end and comes with self assembly instructions along with necessary accessories. </span></li>
</ul>",Dew's Furniture,Furniture > Office Furniture > Desks > Writing Desks,"","Bedroom, Drawer, Living room, Sheesham wood, Storage, Table",true,Title,Default Title,,,,,,,,,0.0,shopify,100,deny,manual,18022.00,21655.00,true,true,,,,,"",https://cdn.shopify.com/s/files/1/1027/3760/8885/files/61RHIKRSI8L._SL1100.jpg?v=1789215115,1,"",false,,,,B08LGTT7CY,, Brown ,,,,,,,2,1,,Sheesham Wood, 40D x 120W x 76H Centimeters ,,,, Contemporary ,,"Bedroom, Living Room",,," Product Dimension: L 120 cm x 40 cm x H 76 cm Product Material: Sheesham Wood, Colour: Teak finish, Style: Contemporary The product comes with 10 Days Replacement and 12 Months warranty against any Damaged and Manufacturing Defects ",,,,,teak,,,,,,,,,,,,,,kg,,,active
sheesham-wood-study-table-teak-finish,,,,,,,,,,,,,,,,,,,,,,,,,,,,,,,"",https://cdn.shopify.com/s/files/1/1027/3760/8885/files/61D2essqTQL._SL1100.jpg?v=1789215167,2,"",,,,,,,,,,,,,,,,,,,,,,,,,,,,,,,,,,,,,,,,,,,,,,,,,
sheesham-wood-study-table-teak-finish,,,,,,,,,,,,,,,,,,,,,,,,,,,,,,,"",https://cdn.shopify.com/s/files/1/1027/3760/8885/files/6120CZ3DVBL._SL1100.jpg?v=1789215150,3,"",,,,,,,,,,,,,,,,,,,,,,,,,,,,,,,,,,,,,,,,,,,,,,,,,
sheesham-wood-study-table-teak-finish,,,,,,,,,,,,,,,,,,,,,,,,,,,,,,,"",https://cdn.shopify.com/s/files/1/1027/3760/8885/files/61nUrHP4CGL._SL1100.jpg?v=1789215184,4,"",,,,,,,,,,,,,,,,,,,,,,,,,,,,,,,,,,,,,,,,,,,,,,,,,
sheesham-wood-study-table-with-chair-teak,Sheesham Wood Study Table Desk with 2 Drawers & Chair – Teak,"<h2 class=""a-size-base-plus a-text-bold"">About this item</h2>
<ul class=""a-unordered-list a-vertical a-spacing-mini"">
<li class=""a-spacing-mini""><span class=""a-list-item""> Product Dimension: L 120 cm x 40 cm x H 76 cm </span></li>
<li class=""a-spacing-mini""><span class=""a-list-item""> Product Material: Solid Sheesham Wood, Colour: Teak Finish, Style: Contemporary </span></li>
<li class=""a-spacing-mini""><span class=""a-list-item""> This Study Table comes with a Chair. </span></li>
<li class=""a-spacing-mini""><span class=""a-list-item""> The product comes with 10 Days Replacement and 12 Months warranty against any Damaged and Manufacturing Defects </span></li>
<li class=""a-spacing-mini""><span class=""a-list-item""> This is the good quality Chair Over 30 tests conducted to ensure the quality. </span></li>
</ul>",Dew's Furniture,Furniture > Office Furniture > Desks > Writing Desks,"","Bedroom, Drawer, Living room, Solid sheesham, study-table, Table",true,Title,Default Title,,,,,,,,,0.0,shopify,100,deny,manual,18478.00,22345.00,true,true,,,,,"",https://cdn.shopify.com/s/files/1/1027/3760/8885/files/61j0Xy-pgCL._SL1100.jpg?v=1789215618,1,"",false,,,,B08LQYFL4Y,, Brown ,,,,60 Kilograms,,,2,1,,Solid Sheesham Wood, 120D x 40W x 76H Centimeters ,,,, Contemporary ,,"Bedroom, Living Room",,," Product Dimension: L 120 cm x 40 cm x H 76 cm Product Material: Solid Sheesham Wood, Colour: Teak Finish, Style: Contemporary This Study Table comes with a Chair. ",,,,,,,,,,,,,,,,,,,kg,,,active
sheesham-wood-study-table-with-chair-teak,,,,,,,,,,,,,,,,,,,,,,,,,,,,,,,"",https://cdn.shopify.com/s/files/1/1027/3760/8885/files/61xaP4ZjxgL._SL1100.jpg?v=1789215683,2,"",,,,,,,,,,,,,,,,,,,,,,,,,,,,,,,,,,,,,,,,,,,,,,,,,
sheesham-wood-study-table-with-chair-teak,,,,,,,,,,,,,,,,,,,,,,,,,,,,,,,"",https://cdn.shopify.com/s/files/1/1027/3760/8885/files/61OIA6ispKL._SL1100.jpg?v=1789215719,3,"",,,,,,,,,,,,,,,,,,,,,,,,,,,,,,,,,,,,,,,,,,,,,,,,,
sheesham-wood-study-table-with-chair-teak,,,,,,,,,,,,,,,,,,,,,,,,,,,,,,,"",https://cdn.shopify.com/s/files/1/1027/3760/8885/files/61_Uoq3WSGL._SL1100.jpg?v=1789215738,4,"",,,,,,,,,,,,,,,,,,,,,,,,,,,,,,,,,,,,,,,,,,,,,,,,,
sheesham-wood-study-table-with-chair-teak,,,,,,,,,,,,,,,,,,,,,,,,,,,,,,,"",https://cdn.shopify.com/s/files/1/1027/3760/8885/files/51L81S9fuML._SL1100.jpg?v=1789215754,5,"",,,,,,,,,,,,,,,,,,,,,,,,,,,,,,,,,,,,,,,,,,,,,,,,,
sheesham-wood-study-table-with-chair-teak,,,,,,,,,,,,,,,,,,,,,,,,,,,,,,,"",https://cdn.shopify.com/s/files/1/1027/3760/8885/files/61dPecRpI5L._SL1100.jpg?v=1789215778,6,"",,,,,,,,,,,,,,,,,,,,,,,,,,,,,,,,,,,,,,,,,,,,,,,,,
sheesham-wood-study-table-with-chair-walnut,Sheesham Wood Study Table with Chair – Walnut,"<h4 class=""a-size-base-plus a-text-bold"">About this item</h4>
<ul class=""a-unordered-list a-vertical a-spacing-mini"">
<li class=""a-spacing-mini""><span class=""a-list-item""> Product Dimensions: Height (29.5 In) Width (22.3 In) Length (45.9 In) </span></li>
<li class=""a-spacing-mini""><span class=""a-list-item""> Product Material: Sheesham Wood, Colour: Walnut finish, Style: Contemporary </span></li>
<li class=""a-spacing-mini""><span class=""a-list-item""> The product comes with 10 Days Replacement and 12 Months warranty against any Damaged and Manufacturing Defects </span></li>
<li class=""a-spacing-mini""><span class=""a-list-item""> The Cabinet is a great addition to any home. With Luxury look and a beautifully finished wood frame, you can't go wrong with this Product. </span></li>
<li class=""a-spacing-mini""><span class=""a-list-item""> The Product Requires Basic Self Assembly At Customers End And Comes With Self Assembly Instructions Along With Necessary Accessories. </span></li>
</ul>",Dew's Furniture,Furniture > Office Furniture > Desks > Writing Desks,"","Bedroom, chair, Drawer, Living room, Sheesham wood, Table, walnut",true,Title,Default Title,,,,,,,,,0.0,shopify,100,deny,manual,18051.00,25054.00,true,true,,,,,"",https://cdn.shopify.com/s/files/1/1027/3760/8885/files/61i83U6zgkL._SL1432.jpg?v=1789216035,1,"",false,,,,B08L19SLZM,, Walnut Finish ,,,, 25 kg ,,1,2,,, Wood , 116.6 x 56.6 x 74.9 Centimeters ,, 45.9 inches ,, Modern ,, Office ,,," Product Dimensions: Height (29.5 In) Width (22.3 In) Length (45.9 In) Product Material: Sheesham Wood, Colour: Walnut finish, Style: Contemporary The product comes with 10 Days Replacement and 12 Months warranty against any Damaged and Manufacturing Defects ",,,,,walnut,,,,,,,,,,,,,,kg,,,active
sheesham-wood-study-table-with-chair-walnut,,,,,,,,,,,,,,,,,,,,,,,,,,,,,,,"",https://cdn.shopify.com/s/files/1/1027/3760/8885/files/5160sW_0LcL._SL1305.jpg?v=1789216027,2,"",,,,,,,,,,,,,,,,,,,,,,,,,,,,,,,,,,,,,,,,,,,,,,,,,
sheesham-wood-study-table-with-chair-walnut,,,,,,,,,,,,,,,,,,,,,,,,,,,,,,,"",https://cdn.shopify.com/s/files/1/1027/3760/8885/files/51d-cp30ROL._SL1423.jpg?v=1789216058,3,"",,,,,,,,,,,,,,,,,,,,,,,,,,,,,,,,,,,,,,,,,,,,,,,,,
sheesham-wood-study-table-with-chair-walnut,,,,,,,,,,,,,,,,,,,,,,,,,,,,,,,"",https://cdn.shopify.com/s/files/1/1027/3760/8885/files/5145RY1DYjL._SL1500.jpg?v=1789216060,4,"",,,,,,,,,,,,,,,,,,,,,,,,,,,,,,,,,,,,,,,,,,,,,,,,,
sheesham-wood-study-table-with-chair-walnut,,,,,,,,,,,,,,,,,,,,,,,,,,,,,,,"",https://cdn.shopify.com/s/files/1/1027/3760/8885/files/51hnwVVXyeL._SL1245.jpg?v=1789216076,5,"",,,,,,,,,,,,,,,,,,,,,,,,,,,,,,,,,,,,,,,,,,,,,,,,,
sheesham-wood-study-table-with-chair-walnut,,,,,,,,,,,,,,,,,,,,,,,,,,,,,,,"",https://cdn.shopify.com/s/files/1/1027/3760/8885/files/51mfAsYVYHL._SL1133.jpg?v=1789216077,6,"",,,,,,,,,,,,,,,,,,,,,,,,,,,,,,,,,,,,,,,,,,,,,,,,,
sheesham-wood-study-desk-3-drawers-cabinet,Sheesham Wood Study Desk – 3 Drawers & Cabinet - Honey Finish,"<h4 class=""a-size-base-plus a-text-bold"">About this item</h4>
<ul class=""a-unordered-list a-vertical a-spacing-mini"">
<li class=""a-spacing-mini""><span class=""a-list-item""> Table Dimension: Length (46 Inch) Width (21 Inch) Height (31 Inch) </span></li>
<li class=""a-spacing-mini""><span class=""a-list-item""> Product Material: Sheesham Wood, Colour: honey finish, Style: Contemporary </span></li>
<li class=""a-spacing-mini""><span class=""a-list-item""> Warranty: The product comes with 10 Days Replacement and 12 Months warranty against any Damaged and Manufacturing Defects. </span></li>
<li class=""a-spacing-mini""><span class=""a-list-item""> The Cabinet is a great addition to any home. With Luxury look and a beautifully finished wood frame, you can't go wrong with this Product. </span></li>
<li class=""a-spacing-mini""><span class=""a-list-item""> The Product Requires Basic Self Assembly At Customers End And Comes With Self Assembly Instructions Along With Necessary Accessories. </span></li>
</ul>",Dew's Furniture,Furniture > Office Furniture > Desks > Writing Desks,"","Bedroom, Drawer, Honey, Living room, Sheesham wood, study-table, Table",true,Title,Default Title,,,,,,,,,0.0,shopify,100,deny,manual,13871.00,,true,true,,,,,"",https://cdn.shopify.com/s/files/1/1027/3760/8885/files/713Orw9md5L._SL1500.jpg?v=1789231628,1,"",false,,,,B08L1CR6XW,, Honey Finish ,,,,15 Kilograms,,1,3,3,, Sheesham Wood, 53.3D x 116.8W x 78.7H Centimeters ,,,, Modern ,,"Bedroom, Living Room, Office",,," Table Dimension: Length (46 Inch) Width (21 Inch) Height (31 Inch) Product Material: Sheesham Wood, Colour: honey finish, Style: Contemporary Warranty: The product comes with 10 Days Replacement and 12 Months warranty against any Damaged and Manufacturing Defects. ",,,,,honey,,,,,,,,,,,,,,kg,,,active
sheesham-wood-study-desk-3-drawers-cabinet,,,,,,,,,,,,,,,,,,,,,,,,,,,,,,,"",https://cdn.shopify.com/s/files/1/1027/3760/8885/files/41artZPlyuL.jpg?v=1789231648,2,"",,,,,,,,,,,,,,,,,,,,,,,,,,,,,,,,,,,,,,,,,,,,,,,,,
sheesham-wood-study-desk-3-drawers-cabinet,,,,,,,,,,,,,,,,,,,,,,,,,,,,,,,"",https://cdn.shopify.com/s/files/1/1027/3760/8885/files/51kZn55YL2L._SL1500.jpg?v=1789231671,3,"",,,,,,,,,,,,,,,,,,,,,,,,,,,,,,,,,,,,,,,,,,,,,,,,,
sheesham-wood-study-desk-3-drawers-cabinet,,,,,,,,,,,,,,,,,,,,,,,,,,,,,,,"",https://cdn.shopify.com/s/files/1/1027/3760/8885/files/61TrG0ygsKL._SL1500.jpg?v=1789231694,4,"",,,,,,,,,,,,,,,,,,,,,,,,,,,,,,,,,,,,,,,,,,,,,,,,,
sheesham-wood-study-desk-3-drawers-cabinet-1,Sheesham Wood Study Desk – 3 Drawers & Cabinet - Teak Finish,"<h4 class=""a-size-base-plus a-text-bold"">About this item</h4>
<ul class=""a-unordered-list a-vertical a-spacing-mini"">
<li class=""a-spacing-mini""><span class=""a-list-item""> Table Dimension: Length (46 Inch) Width (21 Inch) Height (31 Inch) </span></li>
<li class=""a-spacing-mini""><span class=""a-list-item""> Product Material: Sheesham Wood, Colour: Teak Finish, Style: Contemporary </span></li>
<li class=""a-spacing-mini""><span class=""a-list-item""> Warranty: The product comes with 10 Days Replacement and 12 Months warranty against any Damaged and Manufacturing Defects. </span></li>
<li class=""a-spacing-mini""><span class=""a-list-item""> The Cabinet is a great addition to any home. With Luxury look and a beautifully finished wood frame, you can't go wrong with this Product. </span></li>
<li class=""a-spacing-mini""><span class=""a-list-item""> The Product Requires Basic Self Assembly At Customers End And Comes With Self Assembly Instructions Along With Necessary Accessories. </span></li>
</ul>",Dew's Furniture,Furniture > Office Furniture > Desks > Writing Desks,"","Bedroom, Drawer, Living room, Sheesham wood, study-table, Table",true,Title,Default Title,,,,,,,,,0.0,shopify,100,deny,manual,11872.00,13872.00,true,true,,,,,"",https://cdn.shopify.com/s/files/1/1027/3760/8885/files/71QcM718C6L._SX679.jpg?v=1789232093,1,"",false,,,,B08L1BNVZX,,Teak Finish,,,,15 Kilograms,,1,3,,,Sheesham Wood, 53.3D x 116.8W x 78.7H Centimeters ,,,, Modern ,,Office,,," Table Dimension: Length (46 Inch) Width (21 Inch) Height (31 Inch) Product Material: Sheesham Wood, Colour: Teak Finish, Style: Contemporary Warranty: The product comes with 10 Days Replacement and 12 Months warranty against any Damaged and Manufacturing Defects. ",,,,,teak,,,,,,,,,,,,,,kg,,,active
sheesham-wood-study-desk-3-drawers-cabinet-1,,,,,,,,,,,,,,,,,,,,,,,,,,,,,,,"",https://cdn.shopify.com/s/files/1/1027/3760/8885/files/51ymXXF5RKL._SL1500.jpg?v=1789232113,2,"",,,,,,,,,,,,,,,,,,,,,,,,,,,,,,,,,,,,,,,,,,,,,,,,,
sheesham-wood-study-desk-3-drawers-cabinet-1,,,,,,,,,,,,,,,,,,,,,,,,,,,,,,,"",https://cdn.shopify.com/s/files/1/1027/3760/8885/files/61Gu74eRIIL._SL1500.jpg?v=1789232136,3,"",,,,,,,,,,,,,,,,,,,,,,,,,,,,,,,,,,,,,,,,,,,,,,,,,
sheesham-wood-study-desk-3-drawers-cabinet-1,,,,,,,,,,,,,,,,,,,,,,,,,,,,,,,"",https://cdn.shopify.com/s/files/1/1027/3760/8885/files/DimensionView_e319ce47-6b0f-47b8-af1e-3e5e32c01062.png?v=1789232379,4,"",,,,,,,,,,,,,,,,,,,,,,,,,,,,,,,,,,,,,,,,,,,,,,,,,
sheesham-wood-computer-table-walnut-finish,Sheesham Wood Computer Table with 3 Drawer and Cabinet – Walnut Finish,"<h4 class=""a-size-base-plus a-text-bold"">About this item</h4>
<ul class=""a-unordered-list a-vertical a-spacing-mini"">
<li class=""a-spacing-mini""><span class=""a-list-item""> Table Dimension: Length (46 Inch) Width (21 Inch) Height (31 Inch) </span></li>
<li class=""a-spacing-mini""><span class=""a-list-item""> Product Material: Sheesham Wood, Colour: Walnut finish, Style: Contemporary </span></li>
<li class=""a-spacing-mini""><span class=""a-list-item""> The product comes with 10 Days Replacement and 12 Months warranty against any Damaged and Manufacturing Defects </span></li>
<li class=""a-spacing-mini""><span class=""a-list-item""> The Cabinet is a great addition to any home. With Luxury look and a beautifully finished wood frame, you can't go wrong with this Product. </span></li>
<li class=""a-spacing-mini""><span class=""a-list-item""> The Product Requires Basic Self Assembly At Customers End And Comes With Self Assembly Instructions Along With Necessary Accessories. </span></li>
</ul>",Dew's Furniture,Furniture > Office Furniture > Desks > Computer Desks,"","Bedroom, Drawer, Living room, Sheesham wood, study-table, Table, walnut",true,Title,Default Title,,,,,,,,,0.0,shopify,100,deny,manual,11769.00,13769.00,true,true,,,,,"",https://cdn.shopify.com/s/files/1/1027/3760/8885/files/61BboAwN4_L._SL1500.jpg?v=1789232259,1,"",false,,,,B08L1C49XD,, Walnut Finish ,,,,15 Kilograms,,1,3,3,, Sheesham Wood, 53.3D x 116.8W x 78.7H Centimeters ,,,,Modern,,Modern,,," Table Dimension: Length (46 Inch) Width (21 Inch) Height (31 Inch) Product Material: Sheesham Wood, Colour: Walnut finish, Style: Contemporary The product comes with 10 Days Replacement and 12 Months warranty against any Damaged and Manufacturing Defects ",,,,,walnut,,,,,,,,,,,,,,kg,,,active
sheesham-wood-computer-table-walnut-finish,,,,,,,,,,,,,,,,,,,,,,,,,,,,,,,"",https://cdn.shopify.com/s/files/1/1027/3760/8885/files/41N0HrROD8L._SL1000.jpg?v=1789232274,2,"",,,,,,,,,,,,,,,,,,,,,,,,,,,,,,,,,,,,,,,,,,,,,,,,,
sheesham-wood-computer-table-walnut-finish,,,,,,,,,,,,,,,,,,,,,,,,,,,,,,,"",https://cdn.shopify.com/s/files/1/1027/3760/8885/files/51_ywUkaavL._SL1500.jpg?v=1789232293,3,"",,,,,,,,,,,,,,,,,,,,,,,,,,,,,,,,,,,,,,,,,,,,,,,,,
sheesham-wood-computer-table-walnut-finish,,,,,,,,,,,,,,,,,,,,,,,,,,,,,,,"",https://cdn.shopify.com/s/files/1/1027/3760/8885/files/51bavDvsx7L._SL1500.jpg?v=1789232316,4,"",,,,,,,,,,,,,,,,,,,,,,,,,,,,,,,,,,,,,,,,,,,,,,,,,
sheesham-wood-computer-table-walnut-finish-1,Sheesham Wood Computer Table – Honey Finish,"<h4 class=""a-size-base-plus a-text-bold"">About this item</h4>
<ul class=""a-unordered-list a-vertical a-spacing-mini"">
<li class=""a-spacing-mini""><span class=""a-list-item""> Product Dimensions: Height (29.5 In) Width (22.3 In) Length (45.9 In) </span></li>
<li class=""a-spacing-mini""><span class=""a-list-item""> Product Material: Sheesham Wood, Colour: honey finish, Style: Contemporary </span></li>
<li class=""a-spacing-mini""><span class=""a-list-item""> Warranty: The product comes with 10 Days Replacement and 12 Months warranty against any Damaged and Manufacturing Defects. </span></li>
<li class=""a-spacing-mini""><span class=""a-list-item""> The Cabinet is a great addition to any home. With Luxury look and a beautifully finished wood frame, you can't go wrong with this Product. </span></li>
<li class=""a-spacing-mini""><span class=""a-list-item""> The Product Requires Basic Self Assembly At Customers End And Comes With Self Assembly Instructions Along With Necessary Accessories. Also can book a Free of Cost Assembly service by using the link </span></li>
</ul>",Dew's Furniture,Furniture > Office Furniture > Desks > Computer Desks,"","Bedroom, Drawer, Honey, Living room, Sheesham wood, study-table, Table",true,Title,Default Title,,,,,,,,,0.0,shopify,100,deny,manual,18999.00,25054.00,true,true,,,,,"",https://cdn.shopify.com/s/files/1/1027/3760/8885/files/71FtNNhCg0L._SL1432.jpg?v=1789232776,1,"",false,,,,B08L1CGWBV,, Honey Finish ,,,,25 Kilograms,,1,3,,, Wood , 56D x 116W x 76H Centimeters ,,,, Modern ,,Office,,," Product Dimensions: Height (29.5 In) Width (22.3 In) Length (45.9 In) Product Material: Sheesham Wood, Colour: honey finish, Style: Contemporary Warranty: The product comes with 10 Days Replacement and 12 Months warranty against any Damaged and Manufacturing Defects. ",,,,,honey,,,,,,,,,,,,,,kg,,,active
sheesham-wood-computer-table-walnut-finish-1,,,,,,,,,,,,,,,,,,,,,,,,,,,,,,,"",https://cdn.shopify.com/s/files/1/1027/3760/8885/files/51EC7N9DOWS._SL1305.jpg?v=1789232792,2,"",,,,,,,,,,,,,,,,,,,,,,,,,,,,,,,,,,,,,,,,,,,,,,,,,
sheesham-wood-computer-table-walnut-finish-1,,,,,,,,,,,,,,,,,,,,,,,,,,,,,,,"",https://cdn.shopify.com/s/files/1/1027/3760/8885/files/61-2BXZm1pL._SL1500.jpg?v=1789232807,3,"",,,,,,,,,,,,,,,,,,,,,,,,,,,,,,,,,,,,,,,,,,,,,,,,,
sheesham-wood-computer-table-walnut-finish-1,,,,,,,,,,,,,,,,,,,,,,,,,,,,,,,"",https://cdn.shopify.com/s/files/1/1027/3760/8885/files/51BNkEgR4-L._SL1500.jpg?v=1789232833,4,"",,,,,,,,,,,,,,,,,,,,,,,,,,,,,,,,,,,,,,,,,,,,,,,,,
sheesham-wood-computer-table-walnut-finish-1,,,,,,,,,,,,,,,,,,,,,,,,,,,,,,,"",https://cdn.shopify.com/s/files/1/1027/3760/8885/files/51OSYz-dyQL._SL1145.jpg?v=1789232850,5,"",,,,,,,,,,,,,,,,,,,,,,,,,,,,,,,,,,,,,,,,,,,,,,,,,
sheesham-wood-computer-table-walnut-finish-1,,,,,,,,,,,,,,,,,,,,,,,,,,,,,,,"",https://cdn.shopify.com/s/files/1/1027/3760/8885/files/51WGCbccCPL._SL1245.jpg?v=1789232863,6,"",,,,,,,,,,,,,,,,,,,,,,,,,,,,,,,,,,,,,,,,,,,,,,,,,
sheesham-wood-writing-desk-honey-finish,Sheesham Wood Writing Desk – Honey Finish,"<h4 class=""a-size-base-plus a-text-bold"">About this item</h4>
<ul class=""a-unordered-list a-vertical a-spacing-mini"">
<li class=""a-spacing-mini""><span class=""a-list-item""> Product Dimensions: Height (29.5 In) Width (22.3 In) Length (45.9 In) </span></li>
<li class=""a-spacing-mini""><span class=""a-list-item""> Product Material: Sheesham Wood, Colour: honey finish, Style: Contemporary </span></li>
<li class=""a-spacing-mini""><span class=""a-list-item""> The product comes with 10 Days Replacement and 12 Months warranty against any Damaged and Manufacturing Defects </span></li>
<li class=""a-spacing-mini""><span class=""a-list-item""> The Cabinet is a great addition to any home. With Luxury look and a beautifully finished wood frame, you can't go wrong with this Product. </span></li>
<li class=""a-spacing-mini""><span class=""a-list-item""> The Product Requires Basic Self Assembly At Customers End And Comes With Self Assembly Instructions Along With Necessary Accessories. </span></li>
</ul>",Dew's Furniture,Furniture > Office Furniture > Desks > Writing Desks,"","Bedroom, Drawer, Honey, Living room, Sheesham wood, study-table, Table",true,Title,Default Title,,,,,,,,,0.0,shopify,100,deny,manual,18339.00,22199.00,true,true,,,,,"",https://cdn.shopify.com/s/files/1/1027/3760/8885/files/Lifestyle-View-1_d97f7d21-4241-44b2-8792-d5ac5ac65bf6.jpg?v=1789233488,1,"",false,,,,B08L1C8FTT,, Honey Finish ,,,,24 Kilograms,,1,2,3,,Sheesham Wood, 56.6D x 116.6W x 74.9H Centimeters ,,,, Modern ,,,,," Product Dimensions: Height (29.5 In) Width (22.3 In) Length (45.9 In) Product Material: Sheesham Wood, Colour: honey finish, Style: Contemporary The product comes with 10 Days Replacement and 12 Months warranty against any Damaged and Manufacturing Defects ",,,,,honey,,,,,,,,,,,,,,kg,,,active
sheesham-wood-writing-desk-honey-finish,,,,,,,,,,,,,,,,,,,,,,,,,,,,,,,"",https://cdn.shopify.com/s/files/1/1027/3760/8885/files/61O40nwJdtL._SL1260.jpg?v=1789233160,2,"",,,,,,,,,,,,,,,,,,,,,,,,,,,,,,,,,,,,,,,,,,,,,,,,,
sheesham-wood-writing-desk-honey-finish,,,,,,,,,,,,,,,,,,,,,,,,,,,,,,,"",https://cdn.shopify.com/s/files/1/1027/3760/8885/files/619MfSxDFnL._SL1500.jpg?v=1789233174,3,"",,,,,,,,,,,,,,,,,,,,,,,,,,,,,,,,,,,,,,,,,,,,,,,,,
sheesham-wood-writing-desk-honey-finish,,,,,,,,,,,,,,,,,,,,,,,,,,,,,,,"",https://cdn.shopify.com/s/files/1/1027/3760/8885/files/61jcz7PFgdL._SL1308.jpg?v=1789233196,4,"",,,,,,,,,,,,,,,,,,,,,,,,,,,,,,,,,,,,,,,,,,,,,,,,,
sheesham-wood-writing-desk-honey-finish,,,,,,,,,,,,,,,,,,,,,,,,,,,,,,,"",https://cdn.shopify.com/s/files/1/1027/3760/8885/files/61Zc1gdJB_L._SL1440.jpg?v=1789233214,5,"",,,,,,,,,,,,,,,,,,,,,,,,,,,,,,,,,,,,,,,,,,,,,,,,,
sheesham-wood-writing-desk-teak-finish,Sheesham Wood Writing Desk with 2 Drawer and 1 Cabinet – Teak Finish,"<h4 class=""a-size-base-plus a-text-bold"">About this item</h4>
<ul class=""a-unordered-list a-vertical a-spacing-mini"">
<li class=""a-spacing-mini""><span class=""a-list-item""> Product Dimensions: Height (29.5 In) Width (22.3 In) Length (45.9 In) </span></li>
<li class=""a-spacing-mini""><span class=""a-list-item""> Product Material: Sheesham Wood, Colour: Teak Finish, Style: Contemporary </span></li>
<li class=""a-spacing-mini""><span class=""a-list-item""> Warranty: The product comes with 10 Days Replacement and 12 Months warranty against any Damaged and Manufacturing Defects. </span></li>
<li class=""a-spacing-mini""><span class=""a-list-item""> The Cabinet is a great addition to any home. With Luxury look and a beautifully finished wood frame, you can't go wrong with this Product. </span></li>
<li class=""a-spacing-mini""><span class=""a-list-item""> The Product Requires Basic Self Assembly At Customers End And Comes With Self Assembly Instructions Along With Necessary Accessories. </span></li>
</ul>",Dew's Furniture,Furniture > Office Furniture > Desks > Writing Desks,"","Bedroom, Drawer, Living room, Sheesham wood, study-table, Table",true,Title,Default Title,,,,,,,,,0.0,shopify,100,deny,manual,18073.00,24024.00,true,true,,,,,"",https://cdn.shopify.com/s/files/1/1027/3760/8885/files/Lifestyle-View-1_9b1c487e-fb50-4bca-b806-7df16e567bef.jpg?v=1789233868,1,"",false,,,,B08L1CLXK3,, Teak Finish ,,,,24 Kilograms,,,2,3,,Sheesham Wood, 56.6D x 116.6W x 74.9H Centimeters ,,,, Modern ,,Office,,," Product Dimensions: Height (29.5 In) Width (22.3 In) Length (45.9 In) Product Material: Sheesham Wood, Colour: Teak Finish, Style: Contemporary Warranty: The product comes with 10 Days Replacement and 12 Months warranty against any Damaged and Manufacturing Defects. ",,,,,teak,,,,,,,,,,,,,,kg,,,active
sheesham-wood-writing-desk-teak-finish,,,,,,,,,,,,,,,,,,,,,,,,,,,,,,,"",https://cdn.shopify.com/s/files/1/1027/3760/8885/files/61GxSajQ3aL._SL1395.jpg?v=1789233661,2,"",,,,,,,,,,,,,,,,,,,,,,,,,,,,,,,,,,,,,,,,,,,,,,,,,
sheesham-wood-writing-desk-teak-finish,,,,,,,,,,,,,,,,,,,,,,,,,,,,,,,"",https://cdn.shopify.com/s/files/1/1027/3760/8885/files/61DnbTiT6pL._SL1500.jpg?v=1789233677,3,"",,,,,,,,,,,,,,,,,,,,,,,,,,,,,,,,,,,,,,,,,,,,,,,,,
sheesham-wood-writing-desk-teak-finish,,,,,,,,,,,,,,,,,,,,,,,,,,,,,,,"",https://cdn.shopify.com/s/files/1/1027/3760/8885/files/61aNHhi89qL._SL1380.jpg?v=1789233689,4,"",,,,,,,,,,,,,,,,,,,,,,,,,,,,,,,,,,,,,,,,,,,,,,,,,
sheesham-wood-writing-desk-walnut-finish,Sheesham Wood Writing Desk 2 Drawer and 1 Cabinet – Walnut Finish,"<h4 class=""a-size-base-plus a-text-bold"">About this item</h4>
<ul class=""a-unordered-list a-vertical a-spacing-mini"">
<li class=""a-spacing-mini""><span class=""a-list-item""> Product Dimensions: Height (29.5 In) Width (22.3 In) Length (45.9 In) </span></li>
<li class=""a-spacing-mini""><span class=""a-list-item""> Product Material: Sheesham Wood, Colour: Walnut finish, Style: Contemporary </span></li>
<li class=""a-spacing-mini""><span class=""a-list-item""> Warranty: The product comes with 10 Days Replacement and 12 Months warranty against any Damaged and Manufacturing Defects. </span></li>
<li class=""a-spacing-mini""><span class=""a-list-item""> The Cabinet is a great addition to any home. With Luxury look and a beautifully finished wood frame, you can't go wrong with this Product. </span></li>
<li class=""a-spacing-mini""><span class=""a-list-item""> The Product Requires Basic Self Assembly At Customers End And Comes With Self Assembly Instructions Along With Necessary Accessories. </span></li>
</ul>",Dew's Furniture,Furniture > Office Furniture > Desks > Writing Desks,"","Drawer, Living room, Sheesham wood, study-table, Table, walnut",true,Title,Default Title,,,,,,,,,0.0,shopify,100,deny,manual,18146.00,21552.00,true,true,,,,,"",https://cdn.shopify.com/s/files/1/1027/3760/8885/files/Lifestyle-View-1_e5902646-010d-4a72-b5b2-782e0766f02f.jpg?v=1789234236,1,"",false,,,,B08L1BM3RV,, Walnut Finish ,,,,24 Kilograms,,1,2,,,Sheesham Wood, 56.6D x 116.6W x 74.9H Centimeters ,,,, Modern ,,,,," Product Dimensions: Height (29.5 In) Width (22.3 In) Length (45.9 In) Product Material: Sheesham Wood, Colour: Walnut finish, Style: Contemporary Warranty: The product comes with 10 Days Replacement and 12 Months warranty against any Damaged and Manufacturing Defects. ",,,,,walnut,,,,,,,,,,,,,,kg,,,active
sheesham-wood-writing-desk-walnut-finish,,,,,,,,,,,,,,,,,,,,,,,,,,,,,,,"",https://cdn.shopify.com/s/files/1/1027/3760/8885/files/51fPFzcixJL._SL1308.jpg?v=1789234047,2,"",,,,,,,,,,,,,,,,,,,,,,,,,,,,,,,,,,,,,,,,,,,,,,,,,
sheesham-wood-writing-desk-walnut-finish,,,,,,,,,,,,,,,,,,,,,,,,,,,,,,,"",https://cdn.shopify.com/s/files/1/1027/3760/8885/files/61V28A_UE-L._SL1500.jpg?v=1789234046,3,"",,,,,,,,,,,,,,,,,,,,,,,,,,,,,,,,,,,,,,,,,,,,,,,,,
sheesham-wood-writing-desk-walnut-finish,,,,,,,,,,,,,,,,,,,,,,,,,,,,,,,"",https://cdn.shopify.com/s/files/1/1027/3760/8885/files/511YPth6_RL._SL1260.jpg?v=1789234049,4,"",,,,,,,,,,,,,,,,,,,,,,,,,,,,,,,,,,,,,,,,,,,,,,,,,
sheesham-wood-chest-of-drawers-8-drawer,Sheesham Wood Chest of Drawers with 8 Drawer Storage – Teak Finish,"<ul>
<li><span>Product Dimension: L 114cm x 40 cm x H 76 cm</span></li>
<li><span>Product Material: Solid Sheesham Wood ,Colour: Teak Finish, Style: Contemporary</span></li>
<li><span>The Product Comes With 10 Days Replacement And 12 Months Warranty Against Any Damaged And Manufacturing Defects.</span></li>
<li><span>This Is The Good Quality Drawer Over 30 Tests Conducted To Ensure The Quality.</span></li>
<li><span>Care Instructions: Wipe It Clean With A Dry Cloth. Wipe Any Spills Immediately. Always Use Coasters Or Mats While Keeping Hot, Cold Or Wet Materials On The Table.</span></li>
</ul>",Dew's Furniture,Furniture > Cabinets & Storage > Dressers,"","Drawer, Living room, Sheesham wood, Storage",true,Title,Default Title,,,,,,,,,0.0,shopify,100,deny,manual,16274.00,24025.00,true,true,,,,,"",https://cdn.shopify.com/s/files/1/1027/3760/8885/files/Lifestyle-View-1_a6fdd373-70e8-49af-9340-045148e3d24a.jpg?v=1789286818,1,"",false,,,,B08LGV35F1,,Brown,,,,55 Kilograms,,,8,1,,Sheesham Wood,40.6D x 119.4W x 76.2H Centimeters,,,,Contemporary,,Living Room,,,"Product Dimension: L 114cm x 40 cm x H 76 cm Product Material: Solid Sheesham Wood ,Colour: Teak Finish, Style: Contemporary The Product Comes With 10 Days Replacement And 12 Months Warranty Against Any Damaged And Manufacturing Defects.",,,,teak,,,,,,,,,,,,,,,kg,,,active
sheesham-wood-chest-of-drawers-8-drawer,,,,,,,,,,,,,,,,,,,,,,,,,,,,,,,"",https://cdn.shopify.com/s/files/1/1027/3760/8885/files/61FiVNbKKXL._AC_CR0_0_0_0_SX480_SY360.jpg?v=1789286904,2,"",,,,,,,,,,,,,,,,,,,,,,,,,,,,,,,,,,,,,,,,,,,,,,,,,
sheesham-wood-chest-of-drawers-8-drawer,,,,,,,,,,,,,,,,,,,,,,,,,,,,,,,"",https://cdn.shopify.com/s/files/1/1027/3760/8885/files/619znoxNHlL._AC_CR0_0_0_0_SX480_SY360.jpg?v=1789286920,3,"",,,,,,,,,,,,,,,,,,,,,,,,,,,,,,,,,,,,,,,,,,,,,,,,,
sheesham-wood-chest-of-drawers-8-drawer,,,,,,,,,,,,,,,,,,,,,,,,,,,,,,,"",https://cdn.shopify.com/s/files/1/1027/3760/8885/files/61ddgSmu65L._AC_CR0_0_0_0_SX480_SY360.jpg?v=1789286953,4,"",,,,,,,,,,,,,,,,,,,,,,,,,,,,,,,,,,,,,,,,,,,,,,,,,
sheesham-wood-chest-of-drawers-8-drawer,,,,,,,,,,,,,,,,,,,,,,,,,,,,,,,"",https://cdn.shopify.com/s/files/1/1027/3760/8885/files/71F1ExEpEnL._AC_CR0_0_0_0_SX480_SY360.jpg?v=1789286973,5,"",,,,,,,,,,,,,,,,,,,,,,,,,,,,,,,,,,,,,,,,,,,,,,,,,
sheesham-wood-chest-of-drawers-8-drawer,,,,,,,,,,,,,,,,,,,,,,,,,,,,,,,"",https://cdn.shopify.com/s/files/1/1027/3760/8885/files/61D8p7lSgpL._AC_CR0_0_0_0_SX480_SY360.jpg?v=1789287006,6,"",,,,,,,,,,,,,,,,,,,,,,,,,,,,,,,,,,,,,,,,,,,,,,,,,
dews-furniture-wooden-brown-bar-cabinet-with-wine-glass-storage,Wooden Brown Bar Cabinet with Wine Glass Storage,"<ul>
<li><span>Product Dimensions: Bar Cabinet Height: 12.25 inches (31.15 cm), Length: 19 inches (48.26 cm), Width: 8 inches (20.35 cm)</span></li>
<li><span>Primary Material: Solid Sheesham Wood</span></li>
<li><span>This is the good quality Bar Cabinet Over 30 tests conducted to ensure the quality.</span></li>
<li><span>The product comes with 10 Days Replacement and 12 Months warranty against any Damaged and Manufacturing Defects</span></li>
<li><span>The Product Requires Basic Self Assembly At Customers End And Comes With Self Assembly Instructions Along With Necessary Accessories.</span></li>
</ul>",Dew's Furniture,Furniture > Cabinets & Storage > Wine & Liquor Cabinets,"","Glass storage, Natural, Storage",true,Title,Default Title,,,,,,,,,0.0,shopify,100,deny,manual,7615.00,12838.00,true,true,,,,,"",https://cdn.shopify.com/s/files/1/1027/3760/8885/files/Lifestyle-View-1_bf830c52-66c5-4dc9-8b06-3e0e62f80d60.jpg?v=1789288094,1,"",false,,,,B08L1FQLXR,,Natural Finish,,,,12 Kilograms,,,1,,,Solid Sheesham Wood,20D x 48W x 31H Centimeters,,,,Modern,,Bar Cabinet,50 Kilograms,,"Product Dimensions: Bar Cabinet Height: 12.25 inches (31.15 cm), Length: 19 inches (48.26 cm), Width: 8 inches (20.35 cm) Primary Material: Solid Sheesham Wood This is the good quality Bar Cabinet Over 30 tests conducted to ensure the quality.",,,,natural-brown,,,,,,,,,,,,,,,kg,,,active
dews-furniture-wooden-brown-bar-cabinet-with-wine-glass-storage,,,,,,,,,,,,,,,,,,,,,,,,,,,,,,,"",https://cdn.shopify.com/s/files/1/1027/3760/8885/files/71aTcUnQhZL._AC_CR0_0_0_0_SX480_SY360.jpg?v=1789288105,2,"",,,,,,,,,,,,,,,,,,,,,,,,,,,,,,,,,,,,,,,,,,,,,,,,,
dews-furniture-wooden-brown-bar-cabinet-with-wine-glass-storage,,,,,,,,,,,,,,,,,,,,,,,,,,,,,,,"",https://cdn.shopify.com/s/files/1/1027/3760/8885/files/71xYZOOt0zL._AC_CR0_0_0_0_SX480_SY360.jpg?v=1789288090,3,"",,,,,,,,,,,,,,,,,,,,,,,,,,,,,,,,,,,,,,,,,,,,,,,,,
dews-furniture-wooden-brown-bar-cabinet-with-wine-glass-storage,,,,,,,,,,,,,,,,,,,,,,,,,,,,,,,"",https://cdn.shopify.com/s/files/1/1027/3760/8885/files/71nZRwOpkEL._AC_CR0_0_0_0_SX480_SY360.jpg?v=1789288129,4,"",,,,,,,,,,,,,,,,,,,,,,,,,,,,,,,,,,,,,,,,,,,,,,,,,
wood-iron-wall-mounted-key-holder-shelf,Wood & Iron Wall Mounted Key Holder – Shelf,"<h4 class=""a-size-base-plus a-text-bold"">About this item</h4>
<ul class=""a-unordered-list a-vertical a-spacing-mini"">
<li class=""a-spacing-mini""><span class=""a-list-item""> Product Dimensions: Length (25 CM) Width (20 CM) Height (21 CM) </span></li>
<li class=""a-spacing-mini""><span class=""a-list-item""> Primary Material: Solid Sheesham Wood </span></li>
<li class=""a-spacing-mini""><span class=""a-list-item""> Package Contents: Storage shelf (small), Mounting hardware, Installation Manual </span></li>
<li class=""a-spacing-mini""><span class=""a-list-item""> The Wall Shelves is a great addition to any home. With Luxury look and a beautifully finished wood frame, you can't go wrong with this Product. </span></li>
<li class=""a-spacing-mini""><span class=""a-list-item""> The Product Requires Basic Self Assembly At Customers End And Comes With Self Assembly Instructions Along With Necessary Accessories. </span></li>
</ul>",Dew's Furniture,Home & Garden > Household Supplies > Storage & Organization > Storage Hooks & Racks,"","Living room, Shelf, Side Board Cabinet, Solid sheesham, Storage",true,Title,Default Title,,,,,,,,,0.0,shopify,100,deny,manual,1555.00,5637.00,true,true,,,,,"",https://cdn.shopify.com/s/files/1/1027/3760/8885/files/Lifestyle-View-1_713cbf0f-581a-43c7-b68b-cd374607214b.jpg?v=1789288869,1,"",false,,,,B08L1CBS97,, Red & Black ,,,, 4 kg ,,,,,,Solid Sheesham Wood ,25 x 20 x 21 Centimeters,,,, Modern ,,,,," Product Dimensions: Length (25 CM) Width (20 CM) Height (21 CM) Primary Material: Solid Sheesham Wood Package Contents: Storage shelf (small), Mounting hardware, Installation Manual ",,,,brown,,wood; iron,,,,,,,,,,,,,kg,,,active
wood-iron-wall-mounted-key-holder-shelf,,,,,,,,,,,,,,,,,,,,,,,,,,,,,,,"",https://cdn.shopify.com/s/files/1/1027/3760/8885/files/61FTdrW9ErL._SL1000.jpg?v=1789288518,2,"",,,,,,,,,,,,,,,,,,,,,,,,,,,,,,,,,,,,,,,,,,,,,,,,,
wood-iron-wall-mounted-key-holder-shelf,,,,,,,,,,,,,,,,,,,,,,,,,,,,,,,"",https://cdn.shopify.com/s/files/1/1027/3760/8885/files/416KygPLQYL._SL1000.jpg?v=1789288532,3,"",,,,,,,,,,,,,,,,,,,,,,,,,,,,,,,,,,,,,,,,,,,,,,,,,
wood-iron-wall-mounted-key-holder-shelf,,,,,,,,,,,,,,,,,,,,,,,,,,,,,,,"",https://cdn.shopify.com/s/files/1/1027/3760/8885/files/51rbgTIMy-L._SL1000.jpg?v=1789288551,4,"",,,,,,,,,,,,,,,,,,,,,,,,,,,,,,,,,,,,,,,,,,,,,,,,,
wood-iron-wall-mounted-key-holder-shelf,,,,,,,,,,,,,,,,,,,,,,,,,,,,,,,"",https://cdn.shopify.com/s/files/1/1027/3760/8885/files/51pwLt9ubdL._SL1000.jpg?v=1789288571,5,"",,,,,,,,,,,,,,,,,,,,,,,,,,,,,,,,,,,,,,,,,,,,,,,,,
wood-iron-wall-mounted-key-holder-shelf,,,,,,,,,,,,,,,,,,,,,,,,,,,,,,,"",https://cdn.shopify.com/s/files/1/1027/3760/8885/files/DimensionView-1_1281af7f-5a69-41ed-ae1c-f793f3a89bb6.png?v=1789288850,6,"",,,,,,,,,,,,,,,,,,,,,,,,,,,,,,,,,,,,,,,,,,,,,,,,,
wood-iron-wall-mounted-key-holder-shelf-1,Wood & Iron Wall Mounted Key Holder – Shelf,"<h4 class=""a-size-base-plus a-text-bold"">About this item</h4>
<ul class=""a-unordered-list a-vertical a-spacing-mini"">
<li class=""a-spacing-mini""><span class=""a-list-item""> Product Dimensions: Length (40 CM), Width (40 CM), Height (58 CM) </span></li>
<li class=""a-spacing-mini""><span class=""a-list-item""> Primary Material: Solid Sheesham Wood </span></li>
<li class=""a-spacing-mini""><span class=""a-list-item""> Display Books, CD/DVD's, Decorative Items, Souvenirs, Flower Vases and Other Household Items </span></li>
<li class=""a-spacing-mini""><span class=""a-list-item""> The Wall Shelves is a great addition to any home. With Luxury look and a beautifully finished wood frame, you can't go wrong with this Product. </span></li>
<li class=""a-spacing-mini""><span class=""a-list-item""> The Product Requires Basic Self Assembly At Customers End And Comes With Self Assembly Instructions Along With Necessary Accessories. Also can book a Free of Cost Assembly service by using the link </span></li>
</ul>",Dew's Furniture,Furniture > Shelving > Wall Shelves & Ledges,"","Living room, Shelf, Solid sheesham",true,Title,Default Title,,,,,,,,,0.0,shopify,100,deny,manual,7119.00,12020.00,true,true,,,,,"",https://cdn.shopify.com/s/files/1/1027/3760/8885/files/Lifestyle-View-1_19b4d795-f656-4037-8d07-221f825b3a1d.jpg?v=1789289236,1,"",false,,,,B08L1CCW85,, Red & Black ,,,,,,,,3,,Solid Sheesham Wood , 40D x 40W x 58H Centimeters ,, 3 kg ,, Modern ,,,,," Product Dimensions: Length (40 CM), Width (40 CM), Height (58 CM) Primary Material: Solid Sheesham Wood Display Books, CD/DVD's, Decorative Items, Souvenirs, Flower Vases and Other Household Items ",,,,brown,,,wall,,,living-room; hallway,,,,,,,,,kg,,,active
wood-iron-wall-mounted-key-holder-shelf-1,,,,,,,,,,,,,,,,,,,,,,,,,,,,,,,"",https://cdn.shopify.com/s/files/1/1027/3760/8885/files/41ApzuCSxaL.jpg?v=1789289433,2,"",,,,,,,,,,,,,,,,,,,,,,,,,,,,,,,,,,,,,,,,,,,,,,,,,
wood-iron-wall-mounted-key-holder-shelf-1,,,,,,,,,,,,,,,,,,,,,,,,,,,,,,,"",https://cdn.shopify.com/s/files/1/1027/3760/8885/files/51xqHxttf_L._SL1500.jpg?v=1789289501,3,"",,,,,,,,,,,,,,,,,,,,,,,,,,,,,,,,,,,,,,,,,,,,,,,,,
wood-iron-wall-mounted-key-holder-shelf-1,,,,,,,,,,,,,,,,,,,,,,,,,,,,,,,"",https://cdn.shopify.com/s/files/1/1027/3760/8885/files/71P7PVaE7-L._SL1500.jpg?v=1789289520,4,"",,,,,,,,,,,,,,,,,,,,,,,,,,,,,,,,,,,,,,,,,,,,,,,,,
wood-iron-wall-mounted-key-holder-shelf-1,,,,,,,,,,,,,,,,,,,,,,,,,,,,,,,"",https://cdn.shopify.com/s/files/1/1027/3760/8885/files/71PIYDhKthL._SL1500.jpg?v=1789289530,5,"",,,,,,,,,,,,,,,,,,,,,,,,,,,,,,,,,,,,,,,,,,,,,,,,,
sheesham-wood-bedside-table-drawer-shelf,Sheesham Wood Bedside Table – Drawer & Shelf,"<h4 class=""a-size-base-plus a-text-bold"">About this item</h4>
<ul class=""a-unordered-list a-vertical a-spacing-mini"">
<li class=""a-spacing-mini""><span class=""a-list-item""> Product Dimensions: End Table Height: (16 IN), Length: (18 IN), Width: (14 IN) </span></li>
<li class=""a-spacing-mini""><span class=""a-list-item""> Product Material: Sheesham Wood, Colour: Brown finish, Style: Contemporary </span></li>
<li class=""a-spacing-mini""><span class=""a-list-item""> The product comes with 10 Days Replacement and 12 Months warranty against any Damaged and Manufacturing Defects. </span></li>
<li class=""a-spacing-mini""><span class=""a-list-item""> Simple Stylish Design, Functional &amp; Suitable for Any Room | Offers Surface Storage, Side Table for Bedroom &amp; Living Room </span></li>
<li class=""a-spacing-mini""><span class=""a-list-item""> The Product Requires Basic Self Assembly At Customers End And Comes With Self Assembly Instructions Along With Necessary Accessories. </span></li>
</ul>",Dew's Furniture,Furniture > Tables > Nightstands,"","Bedroom, Drawer, Living room, Natural, Nightstand, Sheesham wood, Shelf",true,Title,Default Title,,,,,,,,,0.0,shopify,100,deny,manual,9246.00,13733.00,true,true,,,,,"",https://cdn.shopify.com/s/files/1/1027/3760/8885/files/51oM9y5whzL.jpg?v=1789290172,1,"",false,,,,B08L1CV3CY,, Natural Finish ,,,, 7 kg ,,,,,,Sheesham Wood, 35.6D x 45.7W x 40.6H Centimeters , 2 ,,, Modern ,,,,," Product Dimensions: End Table Height: (16 IN), Length: (18 IN), Width: (14 IN) Product Material: Sheesham Wood, Colour: Brown finish, Style: Contemporary ",,,,,,,,,,,,,,,,,,,kg,,,active
sheesham-wood-bedside-table-drawer-shelf,,,,,,,,,,,,,,,,,,,,,,,,,,,,,,,"",https://cdn.shopify.com/s/files/1/1027/3760/8885/files/51rSHW1h_9L.jpg?v=1789290204,2,"",,,,,,,,,,,,,,,,,,,,,,,,,,,,,,,,,,,,,,,,,,,,,,,,,
sheesham-wood-bedside-table-drawer-shelf,,,,,,,,,,,,,,,,,,,,,,,,,,,,,,,"",https://cdn.shopify.com/s/files/1/1027/3760/8885/files/31-e4CBePRL.jpg?v=1789290185,3,"",,,,,,,,,,,,,,,,,,,,,,,,,,,,,,,,,,,,,,,,,,,,,,,,,
sheesham-wood-bedside-table-drawer-shelf,,,,,,,,,,,,,,,,,,,,,,,,,,,,,,,"",https://cdn.shopify.com/s/files/1/1027/3760/8885/files/414Mp84BNCL.jpg?v=1789290218,4,"",,,,,,,,,,,,,,,,,,,,,,,,,,,,,,,,,,,,,,,,,,,,,,,,,
sheesham-wood-bedside-table-drawer-shelf,,,,,,,,,,,,,,,,,,,,,,,,,,,,,,,"",https://cdn.shopify.com/s/files/1/1027/3760/8885/files/414qNUFnTbL.jpg?v=1789290234,5,"",,,,,,,,,,,,,,,,,,,,,,,,,,,,,,,,,,,,,,,,,,,,,,,,,
sheesham-wood-wall-shelf-brown,Sheesham Wood Wall Shelf – Brown,"<h2 class=""a-size-base-plus a-text-bold"">About this item</h2>
<ul class=""a-unordered-list a-vertical a-spacing-mini"">
<li class=""a-spacing-mini""><span class=""a-list-item""> Product Dimensions: Wall Bracket Height: 22 inches (55 cm), Length: 29.5 inches (74 cm), Width: 6 inches (15 cm) </span></li>
<li class=""a-spacing-mini""><span class=""a-list-item""> Primary Material: Solid Sheesham Wood </span></li>
<li class=""a-spacing-mini""><span class=""a-list-item""> Get a warm welcome home every time with the shelf rack with hooks. The hooks can be used to hang everything from clothes to keys, while the shelves are useful for storing both practical and decorative objects </span></li>
<li class=""a-spacing-mini""><span class=""a-list-item""> The Wall Shelves is a great addition to any home. With Luxury look and a beautifully finished wood frame, you can't go wrong with this Product. </span></li>
<li class=""a-spacing-mini""><span class=""a-list-item""> The Product Requires Basic Self Assembly At Customers End And Comes With Self Assembly Instructions Along With Necessary Accessories. </span></li>
</ul>",Dew's Furniture,Furniture > Shelving > Wall Shelves & Ledges > Rack Wall Shelves & Ledges,"",Shelf,true,Title,Default Title,,,,,,,,,0.0,shopify,100,deny,manual,2619.00,7756.00,true,true,,,,,"",https://cdn.shopify.com/s/files/1/1027/3760/8885/files/Lifestyle-View-1_6dd2a584-2a98-4e7b-985d-024bc238fcf6.jpg?v=1789297938,1,"",false,,,,,, Brown ,,,, 3 kg ,,,,,,Solid Sheesham Wood , 74.9D x 15.2W x 55.9H Centimeters ,, 6 inches ,, Modern ,,,,," Product Dimensions: Wall Bracket Height: 22 inches (55 cm), Length: 29.5 inches (74 cm), Width: 6 inches (15 cm) Primary Material: Solid Sheesham Wood Get a warm welcome home every time with the shelf rack with hooks. The hooks can be used to hang everything from clothes to keys, while the shelves are useful for storing both practical and decorative objects ",,,,brown,,,wall,,,living-room; entrance; hallway,,,lacquered-varnished,,,,,,kg,,,active
sheesham-wood-wall-shelf-brown,,,,,,,,,,,,,,,,,,,,,,,,,,,,,,,"",https://cdn.shopify.com/s/files/1/1027/3760/8885/files/31FXov6WRVL.jpg?v=1789297996,2,"",,,,,,,,,,,,,,,,,,,,,,,,,,,,,,,,,,,,,,,,,,,,,,,,,
sheesham-wood-wall-shelf-brown,,,,,,,,,,,,,,,,,,,,,,,,,,,,,,,"",https://cdn.shopify.com/s/files/1/1027/3760/8885/files/417sBifdhhL.jpg?v=1789298007,3,"",,,,,,,,,,,,,,,,,,,,,,,,,,,,,,,,,,,,,,,,,,,,,,,,,
sheesham-wood-wall-shelf-brown,,,,,,,,,,,,,,,,,,,,,,,,,,,,,,,"",https://cdn.shopify.com/s/files/1/1027/3760/8885/files/DimensionView-1_b662c209-afb3-4ce9-babb-119bafd7dc8f.png?v=1789298118,4,"",,,,,,,,,,,,,,,,,,,,,,,,,,,,,,,,,,,,,,,,,,,,,,,,,
sheesham-wood-corner-bookshelf-5-shelves-1,Sheesham Wood Corner Bookshelf – 5 Shelves,"<h2 class=""a-size-base-plus a-text-bold"">About this item</h2>
<ul class=""a-unordered-list a-vertical a-spacing-mini"">
<li class=""a-spacing-mini""><span class=""a-list-item""> Product Dimension: Height 57 inch x Length 16 inch x Width 16 inch </span></li>
<li class=""a-spacing-mini""><span class=""a-list-item""> Primary Material: Solid Sheesham Wood </span></li>
<li class=""a-spacing-mini""><span class=""a-list-item""> The product comes with 10 Days Replacement and 12 Months warranty against any Damaged and Manufacturing Defects </span></li>
<li class=""a-spacing-mini""><span class=""a-list-item""> It can be used as display, storage or book shelf in living/dining rooms or offices. Multi tier shelving unit creates a unique look to your room and lets you keep your books, artworks, photo frames and other home dcor articles </span></li>
<li class=""a-spacing-mini""><span class=""a-list-item""> The Product Requires Basic Self Assembly At Customers End And Comes With Self Assembly Instructions Along With Necessary Accessories. Also can book a Free of Cost Assembly service by using the link </span></li>
</ul>",Dew's Furniture,Furniture > Shelving > Bookcases & Standing Shelves > Corner Bookcases & Shelves,"",Shelf,false,Title,Default Title,,,,,,,,,0.0,shopify,100,deny,manual,4799.00,10341.00,true,true,,,,,"",https://cdn.shopify.com/s/files/1/1027/3760/8885/files/Lifestyle-View-1_35e8219c-14c2-4016-8828-fbeecb3b04fd.jpg?v=1789300087,1,"",false,,,,,, Natural Brown ,,,, 12 kg ,,,,,,, 40.6D x 40.6W x 160H Centimeters ,, 16 inches ,, Modern ,,,,, Product Dimension: Height 57 inch x Length 16 inch x Width 16 inch Primary Material: Solid Sheesham Wood The product comes with 10 Days Replacement and 12 Months warranty against any Damaged and Manufacturing Defects ,,,,brown,,,free-standing,,,living-room; dining-room,,,,,,,,,kg,,,active
sheesham-wood-corner-bookshelf-5-shelves-1,,,,,,,,,,,,,,,,,,,,,,,,,,,,,,,"",https://cdn.shopify.com/s/files/1/1027/3760/8885/files/4127DFC9T4L.jpg?v=1789300226,2,"",,,,,,,,,,,,,,,,,,,,,,,,,,,,,,,,,,,,,,,,,,,,,,,,,
sheesham-wood-corner-bookshelf-5-shelves-1,,,,,,,,,,,,,,,,,,,,,,,,,,,,,,,"",https://cdn.shopify.com/s/files/1/1027/3760/8885/files/31n1D9wz7rL.jpg?v=1789300229,3,"",,,,,,,,,,,,,,,,,,,,,,,,,,,,,,,,,,,,,,,,,,,,,,,,,
sheesham-wood-corner-bookshelf-5-shelves-1,,,,,,,,,,,,,,,,,,,,,,,,,,,,,,,"",https://cdn.shopify.com/s/files/1/1027/3760/8885/files/41nGmqN3TqL.jpg?v=1789300262,4,"",,,,,,,,,,,,,,,,,,,,,,,,,,,,,,,,,,,,,,,,,,,,,,,,,
sheesham-wood-corner-bookshelf-5-shelves-1,,,,,,,,,,,,,,,,,,,,,,,,,,,,,,,"",https://cdn.shopify.com/s/files/1/1027/3760/8885/files/DimensionView-2_774de3e1-f895-43b8-8f92-c66083050bbd.png?v=1789300831,5,"",,,,,,,,,,,,,,,,,,,,,,,,,,,,,,,,,,,,,,,,,,,,,,,,,
sheesham-wood-corner-bookshelf-5-shelves-2,Sheesham Wood Corner Bookshelf – 5 Shelves,"<h2 class=""a-size-base-plus a-text-bold"">About this item</h2>
<ul class=""a-unordered-list a-vertical a-spacing-mini"">
<li class=""a-spacing-mini""><span class=""a-list-item""> Product Dimension: Height 100 cm x Length 80 cm x Width 23 cm </span></li>
<li class=""a-spacing-mini""><span class=""a-list-item""> Primary Material: Solid Sheesham Wood </span></li>
<li class=""a-spacing-mini""><span class=""a-list-item""> The product comes with 10 Days Replacement and 12 Months warranty against any Damaged and Manufacturing Defects. </span></li>
<li class=""a-spacing-mini""><span class=""a-list-item""> It can be used as display, storage or book shelf in living/dining rooms or offices. Multi tier shelving unit creates a unique look to your room and lets you keep your books, artworks, photo frames and other home dcor articles </span></li>
<li class=""a-spacing-mini""><span class=""a-list-item""> The Product Requires Basic Self Assembly At Customers End And Comes With Self Assembly Instructions Along With Necessary Accessories. Also can book a Free of Cost Assembly service by using the link </span></li>
</ul>",Dew's Furniture,Furniture > Shelving > Bookcases & Standing Shelves > Corner Bookcases & Shelves,"",Shelf,true,Title,Default Title,,,,,,,,,0.0,shopify,100,deny,manual,7999.00,16502.00,true,true,,,,,"",https://cdn.shopify.com/s/files/1/1027/3760/8885/files/Lifestyle-View-1_1ac17b42-1504-46a5-a90b-aa36b6f81573.jpg?v=1789301369,1,"",false,,,,,, Honey Finish ,,,, 14 kg ,,,,,,Solid Sheesham Wood , 23D x 80W x 100H Centimeters ,, 23 centimeters ,, Modern ,,,,, Product Dimension: Height 100 cm x Length 80 cm x Width 23 cm Primary Material: Solid Sheesham Wood The product comes with 10 Days Replacement and 12 Months warranty against any Damaged and Manufacturing Defects. ,,,,brown,,,free-standing,,,living-room; dining-room,,,,,,,,,kg,,,active
sheesham-wood-corner-bookshelf-5-shelves-2,,,,,,,,,,,,,,,,,,,,,,,,,,,,,,,"",https://cdn.shopify.com/s/files/1/1027/3760/8885/files/61K5PszrD2L._SL1500.jpg?v=1789301249,2,"",,,,,,,,,,,,,,,,,,,,,,,,,,,,,,,,,,,,,,,,,,,,,,,,,
sheesham-wood-corner-bookshelf-5-shelves-2,,,,,,,,,,,,,,,,,,,,,,,,,,,,,,,"",https://cdn.shopify.com/s/files/1/1027/3760/8885/files/617NeqgpVcL._SL1500.jpg?v=1789301257,3,"",,,,,,,,,,,,,,,,,,,,,,,,,,,,,,,,,,,,,,,,,,,,,,,,,
sheesham-wood-corner-bookshelf-5-shelves-2,,,,,,,,,,,,,,,,,,,,,,,,,,,,,,,"",https://cdn.shopify.com/s/files/1/1027/3760/8885/files/51WTdwxquEL._SL1500.jpg?v=1789301265,4,"",,,,,,,,,,,,,,,,,,,,,,,,,,,,,,,,,,,,,,,,,,,,,,,,,
sheesham-wood-tv-unit-4-drawers,Sheesham Wood TV Unit – 4 Drawers - Honey Finish,"<ul>
<li><span>Product Dimensions(Inch) : Height 20 In x Width 17.8 In x Length 57 In</span></li>
<li><span>Primary Material: Solid Sheesham Wood</span></li>
<li><span>12 Month Warranty Against Any Manufacturing Defects</span></li>
<li><span>The Cabinet is a great addition to any home. With Luxury look and a beautifully finished wood frame, you can't go wrong with this Product.</span></li>
<li><span>The Product Requires Basic Self Assembly At Customers End And Comes With Self Assembly Instructions Along With Necessary Accessories.</span></li>
</ul>",Dew's Furniture,Furniture > Entertainment Centers & TV Stands,"","Bedroom, Honey, Living room, Solid sheesham, TV unit",true,Title,Default Title,,,,,,,,,0.0,shopify,100,deny,manual,24825.00,31132.00,true,true,,,,,"",https://cdn.shopify.com/s/files/1/1027/3760/8885/files/Lifestyle-View-1_d5b5c90e-4a42-454a-83ef-6409bf5f7f55.jpg?v=1789301992,1,"",false,,,,B08L1BWMJM,,Honey Finish,,,,19 Kilograms,,,4,,,Solid Sheesham Wood,57D x 17.8W x 20H Centimeters,,,,Modern,,"Bedroom, Hallway, Kitchen, Living Room, Study Room",80 Kilograms,,"Product Dimensions(Inch) : Height 20 In x Width 17.8 In x Length 57 In Primary Material: Solid Sheesham Wood 12 Month Warranty Against Any Manufacturing Defects The Cabinet is a great addition to any home. With Luxury look and a beautifully finished wood frame, you can't go wrong with this Product.",,,,honey,,,,,,,,,,,,,,,kg,,,active
sheesham-wood-tv-unit-4-drawers,,,,,,,,,,,,,,,,,,,,,,,,,,,,,,,"",https://cdn.shopify.com/s/files/1/1027/3760/8885/files/71QyOnn3orL._AC_CR0_0_0_0_SX480_SY360.jpg?v=1789301902,2,"",,,,,,,,,,,,,,,,,,,,,,,,,,,,,,,,,,,,,,,,,,,,,,,,,
sheesham-wood-tv-unit-4-drawers,,,,,,,,,,,,,,,,,,,,,,,,,,,,,,,"",https://cdn.shopify.com/s/files/1/1027/3760/8885/files/71xFCmF7SwL._AC_CR0_0_0_0_SX480_SY360.jpg?v=1789301992,3,"",,,,,,,,,,,,,,,,,,,,,,,,,,,,,,,,,,,,,,,,,,,,,,,,,
sheesham-wood-tv-unit-4-drawers,,,,,,,,,,,,,,,,,,,,,,,,,,,,,,,"",https://cdn.shopify.com/s/files/1/1027/3760/8885/files/71pW10ay84L._AC_CR0_0_0_0_SX480_SY360.jpg?v=1789302001,4,"",,,,,,,,,,,,,,,,,,,,,,,,,,,,,,,,,,,,,,,,,,,,,,,,,
sheesham-wood-tv-unit-4-drawers,,,,,,,,,,,,,,,,,,,,,,,,,,,,,,,"",https://cdn.shopify.com/s/files/1/1027/3760/8885/files/DimensionView-2_b5e14b9b-c808-43e8-b8b3-d44b55f15df0.png?v=1789302404,5,"",,,,,,,,,,,,,,,,,,,,,,,,,,,,,,,,,,,,,,,,,,,,,,,,,
sheesham-wood-tv-unit-4-drawers-1,Sheesham Wood Book Shelf with Book Racks Storage - Walnut Finish,"<h4 class=""a-size-base-plus a-text-bold"">About this item</h4>
<ul class=""a-unordered-list a-vertical a-spacing-mini"">
<li class=""a-spacing-mini""><span class=""a-list-item""> Product Dimension: Height 100 cm x Length 80 cm x Width 23 cm </span></li>
<li class=""a-spacing-mini""><span class=""a-list-item""> Primary Material: Solid Sheesham Wood , Color: Brown </span></li>
<li class=""a-spacing-mini""><span class=""a-list-item""> The product comes with 10 Days Replacement and 12 Months warranty against any Damaged and Manufacturing Defects </span></li>
<li class=""a-spacing-mini""><span class=""a-list-item""> It can be used as display, storage or book shelf in living/dining rooms or offices. Multi tier shelving unit creates a unique look to your room and lets you keep your books, artworks, photo frames and other home dcor articles </span></li>
<li class=""a-spacing-mini""><span class=""a-list-item""> The Product Requires Basic Self Assembly At Customers End And Comes With Self Assembly Instructions Along With Necessary Accessories. </span></li>
</ul>",Dew's Furniture,Furniture > Cabinets & Storage > Sideboards,"","Living room, Shelf, Side Board Cabinet, Solid sheesham, Storage",true,Title,Default Title,,,,,,,,,0.0,shopify,100,deny,manual,8223.00,13223.00,true,true,,,,,"",https://cdn.shopify.com/s/files/1/1027/3760/8885/files/Lifestyle-View-1_448492d0-52a2-446f-959c-7ff56c3f74b1.jpg?v=1789302912,1,"",false,,,,B08L1B8RZS,,Provincial Teak Finish,,,, 14 kg ,,,3,,,Solid Sheesham Wood, 23D x 80W x 100H Centimeters ,, 23 centimeters ,, Modern ,,,,," Product Dimension: Height 100 cm x Length 80 cm x Width 23 cm Primary Material: Solid Sheesham Wood , Color: Brown The product comes with 10 Days Replacement and 12 Months warranty against any Damaged and Manufacturing Defects ",,,,walnut,,,,,,,,,,,,,,,kg,,,active
sheesham-wood-tv-unit-4-drawers-1,,,,,,,,,,,,,,,,,,,,,,,,,,,,,,,"",https://cdn.shopify.com/s/files/1/1027/3760/8885/files/413mCTH3hjL.jpg?v=1789302915,2,"",,,,,,,,,,,,,,,,,,,,,,,,,,,,,,,,,,,,,,,,,,,,,,,,,
sheesham-wood-tv-unit-4-drawers-1,,,,,,,,,,,,,,,,,,,,,,,,,,,,,,,"",https://cdn.shopify.com/s/files/1/1027/3760/8885/files/511r3--oJaL._SL1071.jpg?v=1789302936,3,"",,,,,,,,,,,,,,,,,,,,,,,,,,,,,,,,,,,,,,,,,,,,,,,,,
sheesham-wood-tv-unit-4-drawers-1,,,,,,,,,,,,,,,,,,,,,,,,,,,,,,,"",https://cdn.shopify.com/s/files/1/1027/3760/8885/files/51J868LDyxL._SL1200.jpg?v=1789302954,4,"",,,,,,,,,,,,,,,,,,,,,,,,,,,,,,,,,,,,,,,,,,,,,,,,,
sheesham-wood-4-seater-sofa-set-2-1-1-walnut-finish,Sheesham Wood 4 Seater Sofa Set 2+1+1 (Walnut Finish),"<h4 class=""a-size-base-plus a-text-bold"">About this item</h4>
<ul class=""a-unordered-list a-vertical a-spacing-mini"">
<li class=""a-spacing-mini""><span class=""a-list-item"">Product Dimensions: 2 Seater : Length 52.4 Inch x Width 27 Inch x Height 30 inch, 1 Seater : Length 29 Inch x Width 27 Inch x Height 30 Inch.</span></li>
<li class=""a-spacing-mini""><span class=""a-list-item"">Primary Material: Sheesham Wood, Colour: Walnut Brown finish, Style: Contemporary, Seating Capacity: 4 Seater</span></li>
<li class=""a-spacing-mini""><span class=""a-list-item"">Warranty: The product comes with 10 Days Replacement and 12 Months warranty against any Damaged and Manufacturing Defects.</span></li>
<li class=""a-spacing-mini""><span class=""a-list-item"">The Sofa is a great addition to any home. With Luxury seats and a beautifully finished wood frame, you can't go wrong with this Sofa for living room.</span></li>
<li class=""a-spacing-mini""><span class=""a-list-item"">The Product Requires Basic Self Assembly At Customers End And Comes With Self Assembly Instructions Along With Necessary Accessories. Also can book a Free of Cost Assembly service by using the link</span></li>
</ul>",Dew's Furniture,Furniture > Furniture Sets > Living Room Furniture Sets,"","4 Seater Sofa, Living room, Sheesham wood, Sofa, walnut",true,Title,Default Title,,,,,,,,,0.0,shopify,0,deny,manual,26990.00,,true,true,,,,,"",https://cdn.shopify.com/s/files/1/1027/3760/8885/files/sheesham-wood-4-seater-sofa-set.png?v=1789371781,1,"",false,,,,B08L1C3GPW,,Walnut Finish,,Yes,,50 Kilograms,,,,,,Sheesham Wood,68D x 132W x 76H Centimeters,4.00,,,Asian,,Standard,,,"Product Dimensions: 2 Seater : Length 52.4 Inch x Width 27 Inch x Height 30 inch, 1 Seater : Length 29 Inch x Width 27 Inch x Height 30 Inch. Primary Material: Sheesham Wood, Colour: Walnut Brown finish, Style: Contemporary, Seating Capacity: 4 Seater",,padded,,,walnut,,,upholstered-padded,,,,,,,,,,,kg,,,active
sheesham-wood-4-seater-sofa-set-2-1-1-walnut-finish,,,,,,,,,,,,,,,,,,,,,,,,,,,,,,,"",https://cdn.shopify.com/s/files/1/1027/3760/8885/files/61eku6rDhCL._SL1500.jpg?v=1789371697,2,"",,,,,,,,,,,,,,,,,,,,,,,,,,,,,,,,,,,,,,,,,,,,,,,,,
sheesham-wood-4-seater-sofa-set-2-1-1-walnut-finish,,,,,,,,,,,,,,,,,,,,,,,,,,,,,,,"",https://cdn.shopify.com/s/files/1/1027/3760/8885/files/51mJjBqy6uL._SL1500.jpg?v=1789371697,3,"",,,,,,,,,,,,,,,,,,,,,,,,,,,,,,,,,,,,,,,,,,,,,,,,,
sheesham-wood-4-seater-sofa-set-2-1-1-walnut-finish,,,,,,,,,,,,,,,,,,,,,,,,,,,,,,,"",https://cdn.shopify.com/s/files/1/1027/3760/8885/files/61hKV1JZRIL._SL1500.jpg?v=1789371697,4,"",,,,,,,,,,,,,,,,,,,,,,,,,,,,,,,,,,,,,,,,,,,,,,,,,
sheesham-wood-4-seater-sofa-set-2-1-1-walnut-finish,,,,,,,,,,,,,,,,,,,,,,,,,,,,,,,"",https://cdn.shopify.com/s/files/1/1027/3760/8885/files/51vub6DOj8L._SL1032.jpg?v=1789371697,5,"",,,,,,,,,,,,,,,,,,,,,,,,,,,,,,,,,,,,,,,,,,,,,,,,,
sheesham-wood-laptop-table-with-chair-2-drawer-1-cabinet-teak-finish,Sheesham Wood Laptop Table with Chair 2 Drawer 1 Cabinet (Teak Finish),"<h4 class=""a-size-base-plus a-text-bold"">About this item</h4>
<ul class=""a-unordered-list a-vertical a-spacing-mini"">
<li class=""a-spacing-mini""><span class=""a-list-item"">Product Dimensions: Height (29.5 In) Width (22.3 In) Length (45.9 In)</span></li>
<li class=""a-spacing-mini""><span class=""a-list-item"">Product Material: Sheesham Wood, Colour: Teak finish, Style: Contemporary</span></li>
<li class=""a-spacing-mini""><span class=""a-list-item"">The product comes with 10 Days Replacement and 12 Months warranty against any Damaged and Manufacturing Defects</span></li>
<li class=""a-spacing-mini""><span class=""a-list-item"">The Cabinet is a great addition to any home. With Luxury look and a beautifully finished wood frame, you can't go wrong with this Product.</span></li>
<li class=""a-spacing-mini""><span class=""a-list-item"">The Product Requires Basic Self Assembly At Customers End And Comes With Self Assembly Instructions Along With Necessary Accessories.</span></li>
</ul>",Dew's Furniture,Furniture > Office Furniture > Workspace Tables,"","Bedroom, Drawer, Living room, Sheesham wood, study-table, Table",true,Title,Default Title,,,,,,,,,0.0,shopify,100,deny,manual,18323.00,24287.00,true,true,,,,,"",https://cdn.shopify.com/s/files/1/1027/3760/8885/files/sheesham-wood-writing-study-desk_a700d3d9-451e-461e-8f62-6188bcf19ae9.png?v=1789401507,1,"",false,,,,B08L1BFZ51,,Teak Finish,,,,25 Kilograms,,,2,,,,116D x 56W x 74H Centimeters,,,,Modern,,,,,"Product Dimensions: Height (29.5 In) Width (22.3 In) Length (45.9 In) Product Material: Sheesham Wood, Colour: Teak finish, Style: Contemporary",,,,teak,,,,,,,,,,,,,,,kg,,,active
sheesham-wood-laptop-table-with-chair-2-drawer-1-cabinet-teak-finish,,,,,,,,,,,,,,,,,,,,,,,,,,,,,,,"",https://cdn.shopify.com/s/files/1/1027/3760/8885/files/61c6fBWDFfL._SL1500.jpg?v=1789401290,2,"",,,,,,,,,,,,,,,,,,,,,,,,,,,,,,,,,,,,,,,,,,,,,,,,,
sheesham-wood-laptop-table-with-chair-2-drawer-1-cabinet-teak-finish,,,,,,,,,,,,,,,,,,,,,,,,,,,,,,,"",https://cdn.shopify.com/s/files/1/1027/3760/8885/files/61oG_7gQaXL._SL1500.jpg?v=1789401288,3,"",,,,,,,,,,,,,,,,,,,,,,,,,,,,,,,,,,,,,,,,,,,,,,,,,
sheesham-wood-laptop-table-with-chair-2-drawer-1-cabinet-teak-finish,,,,,,,,,,,,,,,,,,,,,,,,,,,,,,,"",https://cdn.shopify.com/s/files/1/1027/3760/8885/files/51l3SavapJL._SL1155.jpg?v=1789401285,4,"",,,,,,,,,,,,,,,,,,,,,,,,,,,,,,,,,,,,,,,,,,,,,,,,,
sheesham-wood-laptop-table-with-chair-2-drawer-1-cabinet-teak-finish,,,,,,,,,,,,,,,,,,,,,,,,,,,,,,,"",https://cdn.shopify.com/s/files/1/1027/3760/8885/files/51_klU59q2L._SL1305.jpg?v=1789401285,5,"",,,,,,,,,,,,,,,,,,,,,,,,,,,,,,,,,,,,,,,,,,,,,,,,,
sheesham-wood-laptop-table-with-chair-2-drawer-1-cabinet-teak-finish,,,,,,,,,,,,,,,,,,,,,,,,,,,,,,,"",https://cdn.shopify.com/s/files/1/1027/3760/8885/files/51LReIlzMpL._SL1245.jpg?v=1789401284,6,"",,,,,,,,,,,,,,,,,,,,,,,,,,,,,,,,,,,,,,,,,,,,,,,,,
